/home/user1/greenresearch/samim/HITL/code/make_plots.py:59: Pandas4Warning: Starting with pandas version 4.0 all arguments of mean will be keyword-only.
  mean, std = piv.mean(1), piv.std(1).fillna(0)
/home/user1/greenresearch/samim/HITL/code/make_plots.py:59: Pandas4Warning: Starting with pandas version 4.0 all arguments of std will be keyword-only.
  mean, std = piv.mean(1), piv.std(1).fillna(0)
/home/user1/greenresearch/samim/HITL/code/make_plots.py:59: Pandas4Warning: Starting with pandas version 4.0 all arguments of mean will be keyword-only.
  mean, std = piv.mean(1), piv.std(1).fillna(0)
/home/user1/greenresearch/samim/HITL/code/make_plots.py:59: Pandas4Warning: Starting with pandas version 4.0 all arguments of std will be keyword-only.
  mean, std = piv.mean(1), piv.std(1).fillna(0)
/home/user1/greenresearch/samim/HITL/code/make_plots.py:59: Pandas4Warning: Starting with pandas version 4.0 all arguments of mean will be keyword-only.
  mean, std = piv.mean(1), piv.std(1).fillna(0)
/home/user1/greenresearch/samim/HITL/code/make_plots.py:59: Pandas4Warning: Starting with pandas version 4.0 all arguments of std will be keyword-only.
  mean, std = piv.mean(1), piv.std(1).fillna(0)
wrote /home/user1/greenresearch/samim/HITL/results/curves_fmnist_noise0.0.png
wrote summary tables
dataset  noise  method  n_seeds  final_acc_mean  final_acc_std  aubc_mean  aubc_std
 fmnist    0.0  random        3        0.864167       0.003643    0.81838  0.002411
 fmnist    0.0 entropy        3        0.867933       0.006852    0.82277  0.004082
 fmnist    0.0    bald        2             NaN            NaN        NaN       NaN
wrote /home/user1/greenresearch/samim/HITL/latex/numbers.tex (12 macros)
Sun Aug 23 04:12:33 PM +06 2026 assembled
/home/user1/greenresearch/samim/HITL/code/make_plots.py:59: Pandas4Warning: Starting with pandas version 4.0 all arguments of mean will be keyword-only.
  mean, std = piv.mean(1), piv.std(1).fillna(0)
/home/user1/greenresearch/samim/HITL/code/make_plots.py:59: Pandas4Warning: Starting with pandas version 4.0 all arguments of std will be keyword-only.
  mean, std = piv.mean(1), piv.std(1).fillna(0)
/home/user1/greenresearch/samim/HITL/code/make_plots.py:59: Pandas4Warning: Starting with pandas version 4.0 all arguments of mean will be keyword-only.
  mean, std = piv.mean(1), piv.std(1).fillna(0)
/home/user1/greenresearch/samim/HITL/code/make_plots.py:59: Pandas4Warning: Starting with pandas version 4.0 all arguments of std will be keyword-only.
  mean, std = piv.mean(1), piv.std(1).fillna(0)
/home/user1/greenresearch/samim/HITL/code/make_plots.py:59: Pandas4Warning: Starting with pandas version 4.0 all arguments of mean will be keyword-only.
  mean, std = piv.mean(1), piv.std(1).fillna(0)
/home/user1/greenresearch/samim/HITL/code/make_plots.py:59: Pandas4Warning: Starting with pandas version 4.0 all arguments of std will be keyword-only.
  mean, std = piv.mean(1), piv.std(1).fillna(0)
/home/user1/greenresearch/samim/HITL/code/make_plots.py:59: Pandas4Warning: Starting with pandas version 4.0 all arguments of mean will be keyword-only.
  mean, std = piv.mean(1), piv.std(1).fillna(0)
/home/user1/greenresearch/samim/HITL/code/make_plots.py:59: Pandas4Warning: Starting with pandas version 4.0 all arguments of std will be keyword-only.
  mean, std = piv.mean(1), piv.std(1).fillna(0)
/home/user1/greenresearch/samim/HITL/code/make_plots.py:59: Pandas4Warning: Starting with pandas version 4.0 all arguments of mean will be keyword-only.
  mean, std = piv.mean(1), piv.std(1).fillna(0)
/home/user1/greenresearch/samim/HITL/code/make_plots.py:59: Pandas4Warning: Starting with pandas version 4.0 all arguments of std will be keyword-only.
  mean, std = piv.mean(1), piv.std(1).fillna(0)
/home/user1/greenresearch/samim/HITL/code/make_plots.py:134: Pandas4Warning: Starting with pandas version 4.0 all arguments of mean will be keyword-only.
  ax.plot(piv_i.index, piv_i.mean(1), "o-", color="#d32f2f",
/home/user1/greenresearch/samim/HITL/code/make_plots.py:136: Pandas4Warning: Starting with pandas version 4.0 all arguments of mean will be keyword-only.
  ax.plot(piv_e.index, piv_e.mean(1), "s--", color="#1976d2",
wrote /home/user1/greenresearch/samim/HITL/results/curves_fmnist_noise0.0.png
wrote summary tables
wrote /home/user1/greenresearch/samim/HITL/results/diagnostics_auroc.png
dataset  noise  method  n_seeds  final_acc_mean  final_acc_std  aubc_mean  aubc_std
 fmnist    0.0  random        3        0.864167       0.003643   0.818380  0.002411
 fmnist    0.0 entropy        3        0.867933       0.006852   0.822770  0.004082
 fmnist    0.0    bald        3        0.878733       0.005055   0.825850  0.007628
 fmnist    0.0 coreset        3        0.834700       0.000990   0.809653  0.007248
 fmnist    0.0    iris        2             NaN            NaN        NaN       NaN
wrote /home/user1/greenresearch/samim/HITL/latex/numbers.tex (25 macros)
Sun Aug 23 04:42:35 PM +06 2026 assembled
/home/user1/greenresearch/samim/HITL/code/make_plots.py:59: Pandas4Warning: Starting with pandas version 4.0 all arguments of mean will be keyword-only.
  mean, std = piv.mean(1), piv.std(1).fillna(0)
/home/user1/greenresearch/samim/HITL/code/make_plots.py:59: Pandas4Warning: Starting with pandas version 4.0 all arguments of std will be keyword-only.
  mean, std = piv.mean(1), piv.std(1).fillna(0)
/home/user1/greenresearch/samim/HITL/code/make_plots.py:59: Pandas4Warning: Starting with pandas version 4.0 all arguments of mean will be keyword-only.
  mean, std = piv.mean(1), piv.std(1).fillna(0)
/home/user1/greenresearch/samim/HITL/code/make_plots.py:59: Pandas4Warning: Starting with pandas version 4.0 all arguments of std will be keyword-only.
  mean, std = piv.mean(1), piv.std(1).fillna(0)
/home/user1/greenresearch/samim/HITL/code/make_plots.py:59: Pandas4Warning: Starting with pandas version 4.0 all arguments of mean will be keyword-only.
  mean, std = piv.mean(1), piv.std(1).fillna(0)
/home/user1/greenresearch/samim/HITL/code/make_plots.py:59: Pandas4Warning: Starting with pandas version 4.0 all arguments of std will be keyword-only.
  mean, std = piv.mean(1), piv.std(1).fillna(0)
/home/user1/greenresearch/samim/HITL/code/make_plots.py:59: Pandas4Warning: Starting with pandas version 4.0 all arguments of mean will be keyword-only.
  mean, std = piv.mean(1), piv.std(1).fillna(0)
/home/user1/greenresearch/samim/HITL/code/make_plots.py:59: Pandas4Warning: Starting with pandas version 4.0 all arguments of std will be keyword-only.
  mean, std = piv.mean(1), piv.std(1).fillna(0)
/home/user1/greenresearch/samim/HITL/code/make_plots.py:59: Pandas4Warning: Starting with pandas version 4.0 all arguments of mean will be keyword-only.
  mean, std = piv.mean(1), piv.std(1).fillna(0)
/home/user1/greenresearch/samim/HITL/code/make_plots.py:59: Pandas4Warning: Starting with pandas version 4.0 all arguments of std will be keyword-only.
  mean, std = piv.mean(1), piv.std(1).fillna(0)
/home/user1/greenresearch/samim/HITL/code/make_plots.py:59: Pandas4Warning: Starting with pandas version 4.0 all arguments of mean will be keyword-only.
  mean, std = piv.mean(1), piv.std(1).fillna(0)
/home/user1/greenresearch/samim/HITL/code/make_plots.py:59: Pandas4Warning: Starting with pandas version 4.0 all arguments of std will be keyword-only.
  mean, std = piv.mean(1), piv.std(1).fillna(0)
/home/user1/greenresearch/samim/HITL/code/make_plots.py:134: Pandas4Warning: Starting with pandas version 4.0 all arguments of mean will be keyword-only.
  ax.plot(piv_i.index, piv_i.mean(1), "o-", color="#d32f2f",
/home/user1/greenresearch/samim/HITL/code/make_plots.py:136: Pandas4Warning: Starting with pandas version 4.0 all arguments of mean will be keyword-only.
  ax.plot(piv_e.index, piv_e.mean(1), "s--", color="#1976d2",
wrote /home/user1/greenresearch/samim/HITL/results/curves_fmnist_noise0.0.png
wrote summary tables
wrote /home/user1/greenresearch/samim/HITL/results/diagnostics_auroc.png
dataset  noise     method  n_seeds  final_acc_mean  final_acc_std  aubc_mean  aubc_std
 fmnist    0.0     random        3        0.864167       0.003643   0.818380  0.002411
 fmnist    0.0    entropy        3        0.867933       0.006852   0.822770  0.004082
 fmnist    0.0       bald        3        0.878733       0.005055   0.825850  0.007628
 fmnist    0.0    coreset        3        0.834700       0.000990   0.809653  0.007248
 fmnist    0.0       iris        3        0.875067       0.004297   0.826477  0.009391
 fmnist    0.0 iris-nodiv        2             NaN            NaN        NaN       NaN
wrote /home/user1/greenresearch/samim/HITL/latex/numbers.tex (29 macros)
Sun Aug 23 05:12:36 PM +06 2026 assembled
/home/user1/greenresearch/samim/HITL/code/make_plots.py:59: Pandas4Warning: Starting with pandas version 4.0 all arguments of mean will be keyword-only.
  mean, std = piv.mean(1), piv.std(1).fillna(0)
/home/user1/greenresearch/samim/HITL/code/make_plots.py:59: Pandas4Warning: Starting with pandas version 4.0 all arguments of std will be keyword-only.
  mean, std = piv.mean(1), piv.std(1).fillna(0)
/home/user1/greenresearch/samim/HITL/code/make_plots.py:59: Pandas4Warning: Starting with pandas version 4.0 all arguments of mean will be keyword-only.
  mean, std = piv.mean(1), piv.std(1).fillna(0)
/home/user1/greenresearch/samim/HITL/code/make_plots.py:59: Pandas4Warning: Starting with pandas version 4.0 all arguments of std will be keyword-only.
  mean, std = piv.mean(1), piv.std(1).fillna(0)
/home/user1/greenresearch/samim/HITL/code/make_plots.py:59: Pandas4Warning: Starting with pandas version 4.0 all arguments of mean will be keyword-only.
  mean, std = piv.mean(1), piv.std(1).fillna(0)
/home/user1/greenresearch/samim/HITL/code/make_plots.py:59: Pandas4Warning: Starting with pandas version 4.0 all arguments of std will be keyword-only.
  mean, std = piv.mean(1), piv.std(1).fillna(0)
/home/user1/greenresearch/samim/HITL/code/make_plots.py:59: Pandas4Warning: Starting with pandas version 4.0 all arguments of mean will be keyword-only.
  mean, std = piv.mean(1), piv.std(1).fillna(0)
/home/user1/greenresearch/samim/HITL/code/make_plots.py:59: Pandas4Warning: Starting with pandas version 4.0 all arguments of std will be keyword-only.
  mean, std = piv.mean(1), piv.std(1).fillna(0)
/home/user1/greenresearch/samim/HITL/code/make_plots.py:59: Pandas4Warning: Starting with pandas version 4.0 all arguments of mean will be keyword-only.
  mean, std = piv.mean(1), piv.std(1).fillna(0)
/home/user1/greenresearch/samim/HITL/code/make_plots.py:59: Pandas4Warning: Starting with pandas version 4.0 all arguments of std will be keyword-only.
  mean, std = piv.mean(1), piv.std(1).fillna(0)
/home/user1/greenresearch/samim/HITL/code/make_plots.py:59: Pandas4Warning: Starting with pandas version 4.0 all arguments of mean will be keyword-only.
  mean, std = piv.mean(1), piv.std(1).fillna(0)
/home/user1/greenresearch/samim/HITL/code/make_plots.py:59: Pandas4Warning: Starting with pandas version 4.0 all arguments of std will be keyword-only.
  mean, std = piv.mean(1), piv.std(1).fillna(0)
/home/user1/greenresearch/samim/HITL/code/make_plots.py:134: Pandas4Warning: Starting with pandas version 4.0 all arguments of mean will be keyword-only.
  ax.plot(piv_i.index, piv_i.mean(1), "o-", color="#d32f2f",
/home/user1/greenresearch/samim/HITL/code/make_plots.py:136: Pandas4Warning: Starting with pandas version 4.0 all arguments of mean will be keyword-only.
  ax.plot(piv_e.index, piv_e.mean(1), "s--", color="#1976d2",
wrote /home/user1/greenresearch/samim/HITL/results/curves_fmnist_noise0.0.png
wrote summary tables
wrote /home/user1/greenresearch/samim/HITL/results/diagnostics_auroc.png
dataset  noise     method  n_seeds  final_acc_mean  final_acc_std  aubc_mean  aubc_std
 fmnist    0.0     random        3        0.864167       0.003643   0.818380  0.002411
 fmnist    0.0    entropy        3        0.867933       0.006852   0.822770  0.004082
 fmnist    0.0       bald        3        0.878733       0.005055   0.825850  0.007628
 fmnist    0.0    coreset        3        0.834700       0.000990   0.809653  0.007248
 fmnist    0.0       iris        3        0.875067       0.004297   0.826477  0.009391
 fmnist    0.0 iris-nodiv        2        0.863600       0.012100   0.812495  0.012315
wrote /home/user1/greenresearch/samim/HITL/latex/numbers.tex (29 macros)
Sun Aug 23 05:42:38 PM +06 2026 assembled
/home/user1/greenresearch/samim/HITL/code/make_plots.py:59: Pandas4Warning: Starting with pandas version 4.0 all arguments of mean will be keyword-only.
  mean, std = piv.mean(1), piv.std(1).fillna(0)
/home/user1/greenresearch/samim/HITL/code/make_plots.py:59: Pandas4Warning: Starting with pandas version 4.0 all arguments of std will be keyword-only.
  mean, std = piv.mean(1), piv.std(1).fillna(0)
/home/user1/greenresearch/samim/HITL/code/make_plots.py:59: Pandas4Warning: Starting with pandas version 4.0 all arguments of mean will be keyword-only.
  mean, std = piv.mean(1), piv.std(1).fillna(0)
/home/user1/greenresearch/samim/HITL/code/make_plots.py:59: Pandas4Warning: Starting with pandas version 4.0 all arguments of std will be keyword-only.
  mean, std = piv.mean(1), piv.std(1).fillna(0)
/home/user1/greenresearch/samim/HITL/code/make_plots.py:59: Pandas4Warning: Starting with pandas version 4.0 all arguments of mean will be keyword-only.
  mean, std = piv.mean(1), piv.std(1).fillna(0)
/home/user1/greenresearch/samim/HITL/code/make_plots.py:59: Pandas4Warning: Starting with pandas version 4.0 all arguments of std will be keyword-only.
  mean, std = piv.mean(1), piv.std(1).fillna(0)
/home/user1/greenresearch/samim/HITL/code/make_plots.py:59: Pandas4Warning: Starting with pandas version 4.0 all arguments of mean will be keyword-only.
  mean, std = piv.mean(1), piv.std(1).fillna(0)
/home/user1/greenresearch/samim/HITL/code/make_plots.py:59: Pandas4Warning: Starting with pandas version 4.0 all arguments of std will be keyword-only.
  mean, std = piv.mean(1), piv.std(1).fillna(0)
/home/user1/greenresearch/samim/HITL/code/make_plots.py:59: Pandas4Warning: Starting with pandas version 4.0 all arguments of mean will be keyword-only.
  mean, std = piv.mean(1), piv.std(1).fillna(0)
/home/user1/greenresearch/samim/HITL/code/make_plots.py:59: Pandas4Warning: Starting with pandas version 4.0 all arguments of std will be keyword-only.
  mean, std = piv.mean(1), piv.std(1).fillna(0)
/home/user1/greenresearch/samim/HITL/code/make_plots.py:59: Pandas4Warning: Starting with pandas version 4.0 all arguments of mean will be keyword-only.
  mean, std = piv.mean(1), piv.std(1).fillna(0)
/home/user1/greenresearch/samim/HITL/code/make_plots.py:59: Pandas4Warning: Starting with pandas version 4.0 all arguments of std will be keyword-only.
  mean, std = piv.mean(1), piv.std(1).fillna(0)
/home/user1/greenresearch/samim/HITL/code/make_plots.py:134: Pandas4Warning: Starting with pandas version 4.0 all arguments of mean will be keyword-only.
  ax.plot(piv_i.index, piv_i.mean(1), "o-", color="#d32f2f",
/home/user1/greenresearch/samim/HITL/code/make_plots.py:136: Pandas4Warning: Starting with pandas version 4.0 all arguments of mean will be keyword-only.
  ax.plot(piv_e.index, piv_e.mean(1), "s--", color="#1976d2",
wrote /home/user1/greenresearch/samim/HITL/results/curves_fmnist_noise0.0.png
wrote summary tables
wrote /home/user1/greenresearch/samim/HITL/results/diagnostics_auroc.png
dataset  noise     method  n_seeds  final_acc_mean  final_acc_std  aubc_mean  aubc_std
 fmnist    0.0     random        3        0.864167       0.003643   0.818380  0.002411
 fmnist    0.0    entropy        3        0.867933       0.006852   0.822770  0.004082
 fmnist    0.0       bald        3        0.878733       0.005055   0.825850  0.007628
 fmnist    0.0    coreset        3        0.834700       0.000990   0.809653  0.007248
 fmnist    0.0       iris        3        0.875067       0.004297   0.826477  0.009391
 fmnist    0.0 iris-nodiv        2        0.863600       0.012100   0.812495  0.012315
wrote /home/user1/greenresearch/samim/HITL/latex/numbers.tex (29 macros)
Sun Aug 23 05:53:15 PM +06 2026 assembled
/home/user1/greenresearch/samim/HITL/code/make_plots.py:63: Pandas4Warning: Starting with pandas version 4.0 all arguments of mean will be keyword-only.
  mean, std = piv.mean(1), piv.std(1).fillna(0)
/home/user1/greenresearch/samim/HITL/code/make_plots.py:63: Pandas4Warning: Starting with pandas version 4.0 all arguments of std will be keyword-only.
  mean, std = piv.mean(1), piv.std(1).fillna(0)
/home/user1/greenresearch/samim/HITL/code/make_plots.py:63: Pandas4Warning: Starting with pandas version 4.0 all arguments of mean will be keyword-only.
  mean, std = piv.mean(1), piv.std(1).fillna(0)
/home/user1/greenresearch/samim/HITL/code/make_plots.py:63: Pandas4Warning: Starting with pandas version 4.0 all arguments of std will be keyword-only.
  mean, std = piv.mean(1), piv.std(1).fillna(0)
/home/user1/greenresearch/samim/HITL/code/make_plots.py:63: Pandas4Warning: Starting with pandas version 4.0 all arguments of mean will be keyword-only.
  mean, std = piv.mean(1), piv.std(1).fillna(0)
/home/user1/greenresearch/samim/HITL/code/make_plots.py:63: Pandas4Warning: Starting with pandas version 4.0 all arguments of std will be keyword-only.
  mean, std = piv.mean(1), piv.std(1).fillna(0)
/home/user1/greenresearch/samim/HITL/code/make_plots.py:63: Pandas4Warning: Starting with pandas version 4.0 all arguments of mean will be keyword-only.
  mean, std = piv.mean(1), piv.std(1).fillna(0)
/home/user1/greenresearch/samim/HITL/code/make_plots.py:63: Pandas4Warning: Starting with pandas version 4.0 all arguments of std will be keyword-only.
  mean, std = piv.mean(1), piv.std(1).fillna(0)
/home/user1/greenresearch/samim/HITL/code/make_plots.py:63: Pandas4Warning: Starting with pandas version 4.0 all arguments of mean will be keyword-only.
  mean, std = piv.mean(1), piv.std(1).fillna(0)
/home/user1/greenresearch/samim/HITL/code/make_plots.py:63: Pandas4Warning: Starting with pandas version 4.0 all arguments of std will be keyword-only.
  mean, std = piv.mean(1), piv.std(1).fillna(0)
/home/user1/greenresearch/samim/HITL/code/make_plots.py:63: Pandas4Warning: Starting with pandas version 4.0 all arguments of mean will be keyword-only.
  mean, std = piv.mean(1), piv.std(1).fillna(0)
/home/user1/greenresearch/samim/HITL/code/make_plots.py:63: Pandas4Warning: Starting with pandas version 4.0 all arguments of std will be keyword-only.
  mean, std = piv.mean(1), piv.std(1).fillna(0)
/home/user1/greenresearch/samim/HITL/code/make_plots.py:63: Pandas4Warning: Starting with pandas version 4.0 all arguments of mean will be keyword-only.
  mean, std = piv.mean(1), piv.std(1).fillna(0)
/home/user1/greenresearch/samim/HITL/code/make_plots.py:63: Pandas4Warning: Starting with pandas version 4.0 all arguments of std will be keyword-only.
  mean, std = piv.mean(1), piv.std(1).fillna(0)
/home/user1/greenresearch/samim/HITL/code/make_plots.py:63: Pandas4Warning: Starting with pandas version 4.0 all arguments of mean will be keyword-only.
  mean, std = piv.mean(1), piv.std(1).fillna(0)
/home/user1/greenresearch/samim/HITL/code/make_plots.py:63: Pandas4Warning: Starting with pandas version 4.0 all arguments of std will be keyword-only.
  mean, std = piv.mean(1), piv.std(1).fillna(0)
/home/user1/greenresearch/samim/HITL/code/make_plots.py:63: Pandas4Warning: Starting with pandas version 4.0 all arguments of mean will be keyword-only.
  mean, std = piv.mean(1), piv.std(1).fillna(0)
/home/user1/greenresearch/samim/HITL/code/make_plots.py:63: Pandas4Warning: Starting with pandas version 4.0 all arguments of std will be keyword-only.
  mean, std = piv.mean(1), piv.std(1).fillna(0)
/home/user1/greenresearch/samim/HITL/code/make_plots.py:140: Pandas4Warning: Starting with pandas version 4.0 all arguments of mean will be keyword-only.
  ax.plot(piv_i.index, piv_i.mean(1), "o-", color="#d32f2f",
/home/user1/greenresearch/samim/HITL/code/make_plots.py:142: Pandas4Warning: Starting with pandas version 4.0 all arguments of mean will be keyword-only.
  ax.plot(piv_e.index, piv_e.mean(1), "s--", color="#1976d2",
wrote /home/user1/greenresearch/samim/HITL/results/curves_fmnist_noise0.0.png
wrote /home/user1/greenresearch/samim/HITL/results/curves_fmnist_noise0.2.png
wrote summary tables
wrote /home/user1/greenresearch/samim/HITL/results/diagnostics_auroc.png
dataset  noise     method  n_seeds  final_acc_mean  final_acc_std  aubc_mean  aubc_std
 fmnist    0.0     random        3        0.864167       0.003643   0.818380  0.002411
 fmnist    0.0    entropy        3        0.867933       0.006852   0.822770  0.004082
 fmnist    0.0       bald        3        0.878733       0.005055   0.825850  0.007628
 fmnist    0.0    coreset        3        0.834700       0.000990   0.809653  0.007248
 fmnist    0.0       iris        3        0.875067       0.004297   0.826477  0.009391
 fmnist    0.0 iris-nodiv        3        0.863767       0.009882   0.810563  0.010554
 fmnist    0.2     random        3        0.842400       0.003034   0.796797  0.002498
 fmnist    0.2    entropy        3        0.846933       0.004701   0.794210  0.007607
 fmnist    0.2       bald        1        0.762700       0.000000   0.743050  0.000000
wrote /home/user1/greenresearch/samim/HITL/latex/numbers.tex (41 macros)
Sun Aug 23 06:23:17 PM +06 2026 assembled
/home/user1/greenresearch/samim/HITL/code/make_plots.py:63: Pandas4Warning: Starting with pandas version 4.0 all arguments of mean will be keyword-only.
  mean, std = piv.mean(1), piv.std(1).fillna(0)
/home/user1/greenresearch/samim/HITL/code/make_plots.py:63: Pandas4Warning: Starting with pandas version 4.0 all arguments of std will be keyword-only.
  mean, std = piv.mean(1), piv.std(1).fillna(0)
/home/user1/greenresearch/samim/HITL/code/make_plots.py:63: Pandas4Warning: Starting with pandas version 4.0 all arguments of mean will be keyword-only.
  mean, std = piv.mean(1), piv.std(1).fillna(0)
/home/user1/greenresearch/samim/HITL/code/make_plots.py:63: Pandas4Warning: Starting with pandas version 4.0 all arguments of std will be keyword-only.
  mean, std = piv.mean(1), piv.std(1).fillna(0)
/home/user1/greenresearch/samim/HITL/code/make_plots.py:63: Pandas4Warning: Starting with pandas version 4.0 all arguments of mean will be keyword-only.
  mean, std = piv.mean(1), piv.std(1).fillna(0)
/home/user1/greenresearch/samim/HITL/code/make_plots.py:63: Pandas4Warning: Starting with pandas version 4.0 all arguments of std will be keyword-only.
  mean, std = piv.mean(1), piv.std(1).fillna(0)
/home/user1/greenresearch/samim/HITL/code/make_plots.py:63: Pandas4Warning: Starting with pandas version 4.0 all arguments of mean will be keyword-only.
  mean, std = piv.mean(1), piv.std(1).fillna(0)
/home/user1/greenresearch/samim/HITL/code/make_plots.py:63: Pandas4Warning: Starting with pandas version 4.0 all arguments of std will be keyword-only.
  mean, std = piv.mean(1), piv.std(1).fillna(0)
/home/user1/greenresearch/samim/HITL/code/make_plots.py:63: Pandas4Warning: Starting with pandas version 4.0 all arguments of mean will be keyword-only.
  mean, std = piv.mean(1), piv.std(1).fillna(0)
/home/user1/greenresearch/samim/HITL/code/make_plots.py:63: Pandas4Warning: Starting with pandas version 4.0 all arguments of std will be keyword-only.
  mean, std = piv.mean(1), piv.std(1).fillna(0)
/home/user1/greenresearch/samim/HITL/code/make_plots.py:63: Pandas4Warning: Starting with pandas version 4.0 all arguments of mean will be keyword-only.
  mean, std = piv.mean(1), piv.std(1).fillna(0)
/home/user1/greenresearch/samim/HITL/code/make_plots.py:63: Pandas4Warning: Starting with pandas version 4.0 all arguments of std will be keyword-only.
  mean, std = piv.mean(1), piv.std(1).fillna(0)
/home/user1/greenresearch/samim/HITL/code/make_plots.py:63: Pandas4Warning: Starting with pandas version 4.0 all arguments of mean will be keyword-only.
  mean, std = piv.mean(1), piv.std(1).fillna(0)
/home/user1/greenresearch/samim/HITL/code/make_plots.py:63: Pandas4Warning: Starting with pandas version 4.0 all arguments of std will be keyword-only.
  mean, std = piv.mean(1), piv.std(1).fillna(0)
/home/user1/greenresearch/samim/HITL/code/make_plots.py:63: Pandas4Warning: Starting with pandas version 4.0 all arguments of mean will be keyword-only.
  mean, std = piv.mean(1), piv.std(1).fillna(0)
/home/user1/greenresearch/samim/HITL/code/make_plots.py:63: Pandas4Warning: Starting with pandas version 4.0 all arguments of std will be keyword-only.
  mean, std = piv.mean(1), piv.std(1).fillna(0)
/home/user1/greenresearch/samim/HITL/code/make_plots.py:63: Pandas4Warning: Starting with pandas version 4.0 all arguments of mean will be keyword-only.
  mean, std = piv.mean(1), piv.std(1).fillna(0)
/home/user1/greenresearch/samim/HITL/code/make_plots.py:63: Pandas4Warning: Starting with pandas version 4.0 all arguments of std will be keyword-only.
  mean, std = piv.mean(1), piv.std(1).fillna(0)
/home/user1/greenresearch/samim/HITL/code/make_plots.py:140: Pandas4Warning: Starting with pandas version 4.0 all arguments of mean will be keyword-only.
  ax.plot(piv_i.index, piv_i.mean(1), "o-", color="#d32f2f",
/home/user1/greenresearch/samim/HITL/code/make_plots.py:142: Pandas4Warning: Starting with pandas version 4.0 all arguments of mean will be keyword-only.
  ax.plot(piv_e.index, piv_e.mean(1), "s--", color="#1976d2",
wrote /home/user1/greenresearch/samim/HITL/results/curves_fmnist_noise0.0.png
wrote /home/user1/greenresearch/samim/HITL/results/curves_fmnist_noise0.2.png
wrote summary tables
wrote /home/user1/greenresearch/samim/HITL/results/diagnostics_auroc.png
dataset  noise     method  n_seeds  final_acc_mean  final_acc_std  aubc_mean  aubc_std
 fmnist    0.0     random        3        0.864167       0.003643   0.818380  0.002411
 fmnist    0.0    entropy        3        0.867933       0.006852   0.822770  0.004082
 fmnist    0.0       bald        3        0.878733       0.005055   0.825850  0.007628
 fmnist    0.0    coreset        3        0.834700       0.000990   0.809653  0.007248
 fmnist    0.0       iris        3        0.875067       0.004297   0.826477  0.009391
 fmnist    0.0 iris-nodiv        3        0.863767       0.009882   0.810563  0.010554
 fmnist    0.2     random        3        0.842400       0.003034   0.796797  0.002498
 fmnist    0.2    entropy        3        0.846933       0.004701   0.794210  0.007607
 fmnist    0.2       bald        3             NaN            NaN        NaN       NaN
wrote /home/user1/greenresearch/samim/HITL/latex/numbers.tex (41 macros)
Sun Aug 23 06:53:19 PM +06 2026 assembled
/home/user1/greenresearch/samim/HITL/code/make_plots.py:63: Pandas4Warning: Starting with pandas version 4.0 all arguments of mean will be keyword-only.
  mean, std = piv.mean(1), piv.std(1).fillna(0)
/home/user1/greenresearch/samim/HITL/code/make_plots.py:63: Pandas4Warning: Starting with pandas version 4.0 all arguments of std will be keyword-only.
  mean, std = piv.mean(1), piv.std(1).fillna(0)
/home/user1/greenresearch/samim/HITL/code/make_plots.py:63: Pandas4Warning: Starting with pandas version 4.0 all arguments of mean will be keyword-only.
  mean, std = piv.mean(1), piv.std(1).fillna(0)
/home/user1/greenresearch/samim/HITL/code/make_plots.py:63: Pandas4Warning: Starting with pandas version 4.0 all arguments of std will be keyword-only.
  mean, std = piv.mean(1), piv.std(1).fillna(0)
/home/user1/greenresearch/samim/HITL/code/make_plots.py:63: Pandas4Warning: Starting with pandas version 4.0 all arguments of mean will be keyword-only.
  mean, std = piv.mean(1), piv.std(1).fillna(0)
/home/user1/greenresearch/samim/HITL/code/make_plots.py:63: Pandas4Warning: Starting with pandas version 4.0 all arguments of std will be keyword-only.
  mean, std = piv.mean(1), piv.std(1).fillna(0)
/home/user1/greenresearch/samim/HITL/code/make_plots.py:63: Pandas4Warning: Starting with pandas version 4.0 all arguments of mean will be keyword-only.
  mean, std = piv.mean(1), piv.std(1).fillna(0)
/home/user1/greenresearch/samim/HITL/code/make_plots.py:63: Pandas4Warning: Starting with pandas version 4.0 all arguments of std will be keyword-only.
  mean, std = piv.mean(1), piv.std(1).fillna(0)
/home/user1/greenresearch/samim/HITL/code/make_plots.py:63: Pandas4Warning: Starting with pandas version 4.0 all arguments of mean will be keyword-only.
  mean, std = piv.mean(1), piv.std(1).fillna(0)
/home/user1/greenresearch/samim/HITL/code/make_plots.py:63: Pandas4Warning: Starting with pandas version 4.0 all arguments of std will be keyword-only.
  mean, std = piv.mean(1), piv.std(1).fillna(0)
/home/user1/greenresearch/samim/HITL/code/make_plots.py:63: Pandas4Warning: Starting with pandas version 4.0 all arguments of mean will be keyword-only.
  mean, std = piv.mean(1), piv.std(1).fillna(0)
/home/user1/greenresearch/samim/HITL/code/make_plots.py:63: Pandas4Warning: Starting with pandas version 4.0 all arguments of std will be keyword-only.
  mean, std = piv.mean(1), piv.std(1).fillna(0)
/home/user1/greenresearch/samim/HITL/code/make_plots.py:63: Pandas4Warning: Starting with pandas version 4.0 all arguments of mean will be keyword-only.
  mean, std = piv.mean(1), piv.std(1).fillna(0)
/home/user1/greenresearch/samim/HITL/code/make_plots.py:63: Pandas4Warning: Starting with pandas version 4.0 all arguments of std will be keyword-only.
  mean, std = piv.mean(1), piv.std(1).fillna(0)
/home/user1/greenresearch/samim/HITL/code/make_plots.py:63: Pandas4Warning: Starting with pandas version 4.0 all arguments of mean will be keyword-only.
  mean, std = piv.mean(1), piv.std(1).fillna(0)
/home/user1/greenresearch/samim/HITL/code/make_plots.py:63: Pandas4Warning: Starting with pandas version 4.0 all arguments of std will be keyword-only.
  mean, std = piv.mean(1), piv.std(1).fillna(0)
/home/user1/greenresearch/samim/HITL/code/make_plots.py:63: Pandas4Warning: Starting with pandas version 4.0 all arguments of mean will be keyword-only.
  mean, std = piv.mean(1), piv.std(1).fillna(0)
/home/user1/greenresearch/samim/HITL/code/make_plots.py:63: Pandas4Warning: Starting with pandas version 4.0 all arguments of std will be keyword-only.
  mean, std = piv.mean(1), piv.std(1).fillna(0)
/home/user1/greenresearch/samim/HITL/code/make_plots.py:63: Pandas4Warning: Starting with pandas version 4.0 all arguments of mean will be keyword-only.
  mean, std = piv.mean(1), piv.std(1).fillna(0)
/home/user1/greenresearch/samim/HITL/code/make_plots.py:63: Pandas4Warning: Starting with pandas version 4.0 all arguments of std will be keyword-only.
  mean, std = piv.mean(1), piv.std(1).fillna(0)
/home/user1/greenresearch/samim/HITL/code/make_plots.py:63: Pandas4Warning: Starting with pandas version 4.0 all arguments of mean will be keyword-only.
  mean, std = piv.mean(1), piv.std(1).fillna(0)
/home/user1/greenresearch/samim/HITL/code/make_plots.py:63: Pandas4Warning: Starting with pandas version 4.0 all arguments of std will be keyword-only.
  mean, std = piv.mean(1), piv.std(1).fillna(0)
/home/user1/greenresearch/samim/HITL/code/make_plots.py:140: Pandas4Warning: Starting with pandas version 4.0 all arguments of mean will be keyword-only.
  ax.plot(piv_i.index, piv_i.mean(1), "o-", color="#d32f2f",
/home/user1/greenresearch/samim/HITL/code/make_plots.py:142: Pandas4Warning: Starting with pandas version 4.0 all arguments of mean will be keyword-only.
  ax.plot(piv_e.index, piv_e.mean(1), "s--", color="#1976d2",
wrote /home/user1/greenresearch/samim/HITL/results/curves_fmnist_noise0.0.png
wrote /home/user1/greenresearch/samim/HITL/results/curves_fmnist_noise0.2.png
wrote summary tables
wrote /home/user1/greenresearch/samim/HITL/results/diagnostics_auroc.png
dataset  noise     method  n_seeds  final_acc_mean  final_acc_std  aubc_mean  aubc_std
 fmnist    0.0     random        3        0.864167       0.003643   0.818380  0.002411
 fmnist    0.0    entropy        3        0.867933       0.006852   0.822770  0.004082
 fmnist    0.0       bald        3        0.878733       0.005055   0.825850  0.007628
 fmnist    0.0    coreset        3        0.834700       0.000990   0.809653  0.007248
 fmnist    0.0       iris        3        0.875067       0.004297   0.826477  0.009391
 fmnist    0.0 iris-nodiv        3        0.863767       0.009882   0.810563  0.010554
 fmnist    0.2     random        3        0.842400       0.003034   0.796797  0.002498
 fmnist    0.2    entropy        3        0.846933       0.004701   0.794210  0.007607
 fmnist    0.2       bald        3        0.821067       0.000694   0.775230  0.000601
 fmnist    0.2    coreset        3        0.815600       0.008747   0.783157  0.004850
 fmnist    0.2       iris        1        0.800700       0.000000   0.766650  0.000000
wrote /home/user1/greenresearch/samim/HITL/latex/numbers.tex (52 macros)
Sun Aug 23 07:23:21 PM +06 2026 assembled
/home/user1/greenresearch/samim/HITL/code/make_plots.py:63: Pandas4Warning: Starting with pandas version 4.0 all arguments of mean will be keyword-only.
  mean, std = piv.mean(1), piv.std(1).fillna(0)
/home/user1/greenresearch/samim/HITL/code/make_plots.py:63: Pandas4Warning: Starting with pandas version 4.0 all arguments of std will be keyword-only.
  mean, std = piv.mean(1), piv.std(1).fillna(0)
/home/user1/greenresearch/samim/HITL/code/make_plots.py:63: Pandas4Warning: Starting with pandas version 4.0 all arguments of mean will be keyword-only.
  mean, std = piv.mean(1), piv.std(1).fillna(0)
/home/user1/greenresearch/samim/HITL/code/make_plots.py:63: Pandas4Warning: Starting with pandas version 4.0 all arguments of std will be keyword-only.
  mean, std = piv.mean(1), piv.std(1).fillna(0)
/home/user1/greenresearch/samim/HITL/code/make_plots.py:63: Pandas4Warning: Starting with pandas version 4.0 all arguments of mean will be keyword-only.
  mean, std = piv.mean(1), piv.std(1).fillna(0)
/home/user1/greenresearch/samim/HITL/code/make_plots.py:63: Pandas4Warning: Starting with pandas version 4.0 all arguments of std will be keyword-only.
  mean, std = piv.mean(1), piv.std(1).fillna(0)
/home/user1/greenresearch/samim/HITL/code/make_plots.py:63: Pandas4Warning: Starting with pandas version 4.0 all arguments of mean will be keyword-only.
  mean, std = piv.mean(1), piv.std(1).fillna(0)
/home/user1/greenresearch/samim/HITL/code/make_plots.py:63: Pandas4Warning: Starting with pandas version 4.0 all arguments of std will be keyword-only.
  mean, std = piv.mean(1), piv.std(1).fillna(0)
/home/user1/greenresearch/samim/HITL/code/make_plots.py:63: Pandas4Warning: Starting with pandas version 4.0 all arguments of mean will be keyword-only.
  mean, std = piv.mean(1), piv.std(1).fillna(0)
/home/user1/greenresearch/samim/HITL/code/make_plots.py:63: Pandas4Warning: Starting with pandas version 4.0 all arguments of std will be keyword-only.
  mean, std = piv.mean(1), piv.std(1).fillna(0)
/home/user1/greenresearch/samim/HITL/code/make_plots.py:63: Pandas4Warning: Starting with pandas version 4.0 all arguments of mean will be keyword-only.
  mean, std = piv.mean(1), piv.std(1).fillna(0)
/home/user1/greenresearch/samim/HITL/code/make_plots.py:63: Pandas4Warning: Starting with pandas version 4.0 all arguments of std will be keyword-only.
  mean, std = piv.mean(1), piv.std(1).fillna(0)
/home/user1/greenresearch/samim/HITL/code/make_plots.py:63: Pandas4Warning: Starting with pandas version 4.0 all arguments of mean will be keyword-only.
  mean, std = piv.mean(1), piv.std(1).fillna(0)
/home/user1/greenresearch/samim/HITL/code/make_plots.py:63: Pandas4Warning: Starting with pandas version 4.0 all arguments of std will be keyword-only.
  mean, std = piv.mean(1), piv.std(1).fillna(0)
/home/user1/greenresearch/samim/HITL/code/make_plots.py:63: Pandas4Warning: Starting with pandas version 4.0 all arguments of mean will be keyword-only.
  mean, std = piv.mean(1), piv.std(1).fillna(0)
/home/user1/greenresearch/samim/HITL/code/make_plots.py:63: Pandas4Warning: Starting with pandas version 4.0 all arguments of std will be keyword-only.
  mean, std = piv.mean(1), piv.std(1).fillna(0)
/home/user1/greenresearch/samim/HITL/code/make_plots.py:63: Pandas4Warning: Starting with pandas version 4.0 all arguments of mean will be keyword-only.
  mean, std = piv.mean(1), piv.std(1).fillna(0)
/home/user1/greenresearch/samim/HITL/code/make_plots.py:63: Pandas4Warning: Starting with pandas version 4.0 all arguments of std will be keyword-only.
  mean, std = piv.mean(1), piv.std(1).fillna(0)
/home/user1/greenresearch/samim/HITL/code/make_plots.py:63: Pandas4Warning: Starting with pandas version 4.0 all arguments of mean will be keyword-only.
  mean, std = piv.mean(1), piv.std(1).fillna(0)
/home/user1/greenresearch/samim/HITL/code/make_plots.py:63: Pandas4Warning: Starting with pandas version 4.0 all arguments of std will be keyword-only.
  mean, std = piv.mean(1), piv.std(1).fillna(0)
/home/user1/greenresearch/samim/HITL/code/make_plots.py:63: Pandas4Warning: Starting with pandas version 4.0 all arguments of mean will be keyword-only.
  mean, std = piv.mean(1), piv.std(1).fillna(0)
/home/user1/greenresearch/samim/HITL/code/make_plots.py:63: Pandas4Warning: Starting with pandas version 4.0 all arguments of std will be keyword-only.
  mean, std = piv.mean(1), piv.std(1).fillna(0)
/home/user1/greenresearch/samim/HITL/code/make_plots.py:63: Pandas4Warning: Starting with pandas version 4.0 all arguments of mean will be keyword-only.
  mean, std = piv.mean(1), piv.std(1).fillna(0)
/home/user1/greenresearch/samim/HITL/code/make_plots.py:63: Pandas4Warning: Starting with pandas version 4.0 all arguments of std will be keyword-only.
  mean, std = piv.mean(1), piv.std(1).fillna(0)
/home/user1/greenresearch/samim/HITL/code/make_plots.py:140: Pandas4Warning: Starting with pandas version 4.0 all arguments of mean will be keyword-only.
  ax.plot(piv_i.index, piv_i.mean(1), "o-", color="#d32f2f",
/home/user1/greenresearch/samim/HITL/code/make_plots.py:142: Pandas4Warning: Starting with pandas version 4.0 all arguments of mean will be keyword-only.
  ax.plot(piv_e.index, piv_e.mean(1), "s--", color="#1976d2",
wrote /home/user1/greenresearch/samim/HITL/results/curves_fmnist_noise0.0.png
wrote /home/user1/greenresearch/samim/HITL/results/curves_fmnist_noise0.2.png
wrote summary tables
wrote /home/user1/greenresearch/samim/HITL/results/diagnostics_auroc.png
dataset  noise     method  n_seeds  final_acc_mean  final_acc_std  aubc_mean  aubc_std
 fmnist    0.0     random        3        0.864167       0.003643   0.818380  0.002411
 fmnist    0.0    entropy        3        0.867933       0.006852   0.822770  0.004082
 fmnist    0.0       bald        3        0.878733       0.005055   0.825850  0.007628
 fmnist    0.0    coreset        3        0.834700       0.000990   0.809653  0.007248
 fmnist    0.0       iris        3        0.875067       0.004297   0.826477  0.009391
 fmnist    0.0 iris-nodiv        3        0.863767       0.009882   0.810563  0.010554
 fmnist    0.2     random        3        0.842400       0.003034   0.796797  0.002498
 fmnist    0.2    entropy        3        0.846933       0.004701   0.794210  0.007607
 fmnist    0.2       bald        3        0.821067       0.000694   0.775230  0.000601
 fmnist    0.2    coreset        3        0.815600       0.008747   0.783157  0.004850
 fmnist    0.2       iris        3        0.848733       0.005432   0.800497  0.003624
 fmnist    0.2 iris-norel        3        0.845633       0.007410   0.797500  0.000878
wrote /home/user1/greenresearch/samim/HITL/latex/numbers.tex (56 macros)
Sun Aug 23 07:53:23 PM +06 2026 assembled
/home/user1/greenresearch/samim/HITL/code/make_plots.py:63: Pandas4Warning: Starting with pandas version 4.0 all arguments of mean will be keyword-only.
  mean, std = piv.mean(1), piv.std(1).fillna(0)
/home/user1/greenresearch/samim/HITL/code/make_plots.py:63: Pandas4Warning: Starting with pandas version 4.0 all arguments of std will be keyword-only.
  mean, std = piv.mean(1), piv.std(1).fillna(0)
/home/user1/greenresearch/samim/HITL/code/make_plots.py:63: Pandas4Warning: Starting with pandas version 4.0 all arguments of mean will be keyword-only.
  mean, std = piv.mean(1), piv.std(1).fillna(0)
/home/user1/greenresearch/samim/HITL/code/make_plots.py:63: Pandas4Warning: Starting with pandas version 4.0 all arguments of std will be keyword-only.
  mean, std = piv.mean(1), piv.std(1).fillna(0)
/home/user1/greenresearch/samim/HITL/code/make_plots.py:63: Pandas4Warning: Starting with pandas version 4.0 all arguments of mean will be keyword-only.
  mean, std = piv.mean(1), piv.std(1).fillna(0)
/home/user1/greenresearch/samim/HITL/code/make_plots.py:63: Pandas4Warning: Starting with pandas version 4.0 all arguments of std will be keyword-only.
  mean, std = piv.mean(1), piv.std(1).fillna(0)
/home/user1/greenresearch/samim/HITL/code/make_plots.py:63: Pandas4Warning: Starting with pandas version 4.0 all arguments of mean will be keyword-only.
  mean, std = piv.mean(1), piv.std(1).fillna(0)
/home/user1/greenresearch/samim/HITL/code/make_plots.py:63: Pandas4Warning: Starting with pandas version 4.0 all arguments of std will be keyword-only.
  mean, std = piv.mean(1), piv.std(1).fillna(0)
/home/user1/greenresearch/samim/HITL/code/make_plots.py:63: Pandas4Warning: Starting with pandas version 4.0 all arguments of mean will be keyword-only.
  mean, std = piv.mean(1), piv.std(1).fillna(0)
/home/user1/greenresearch/samim/HITL/code/make_plots.py:63: Pandas4Warning: Starting with pandas version 4.0 all arguments of std will be keyword-only.
  mean, std = piv.mean(1), piv.std(1).fillna(0)
/home/user1/greenresearch/samim/HITL/code/make_plots.py:63: Pandas4Warning: Starting with pandas version 4.0 all arguments of mean will be keyword-only.
  mean, std = piv.mean(1), piv.std(1).fillna(0)
/home/user1/greenresearch/samim/HITL/code/make_plots.py:63: Pandas4Warning: Starting with pandas version 4.0 all arguments of std will be keyword-only.
  mean, std = piv.mean(1), piv.std(1).fillna(0)
/home/user1/greenresearch/samim/HITL/code/make_plots.py:63: Pandas4Warning: Starting with pandas version 4.0 all arguments of mean will be keyword-only.
  mean, std = piv.mean(1), piv.std(1).fillna(0)
/home/user1/greenresearch/samim/HITL/code/make_plots.py:63: Pandas4Warning: Starting with pandas version 4.0 all arguments of std will be keyword-only.
  mean, std = piv.mean(1), piv.std(1).fillna(0)
/home/user1/greenresearch/samim/HITL/code/make_plots.py:63: Pandas4Warning: Starting with pandas version 4.0 all arguments of mean will be keyword-only.
  mean, std = piv.mean(1), piv.std(1).fillna(0)
/home/user1/greenresearch/samim/HITL/code/make_plots.py:63: Pandas4Warning: Starting with pandas version 4.0 all arguments of std will be keyword-only.
  mean, std = piv.mean(1), piv.std(1).fillna(0)
/home/user1/greenresearch/samim/HITL/code/make_plots.py:63: Pandas4Warning: Starting with pandas version 4.0 all arguments of mean will be keyword-only.
  mean, std = piv.mean(1), piv.std(1).fillna(0)
/home/user1/greenresearch/samim/HITL/code/make_plots.py:63: Pandas4Warning: Starting with pandas version 4.0 all arguments of std will be keyword-only.
  mean, std = piv.mean(1), piv.std(1).fillna(0)
/home/user1/greenresearch/samim/HITL/code/make_plots.py:63: Pandas4Warning: Starting with pandas version 4.0 all arguments of mean will be keyword-only.
  mean, std = piv.mean(1), piv.std(1).fillna(0)
/home/user1/greenresearch/samim/HITL/code/make_plots.py:63: Pandas4Warning: Starting with pandas version 4.0 all arguments of std will be keyword-only.
  mean, std = piv.mean(1), piv.std(1).fillna(0)
/home/user1/greenresearch/samim/HITL/code/make_plots.py:63: Pandas4Warning: Starting with pandas version 4.0 all arguments of mean will be keyword-only.
  mean, std = piv.mean(1), piv.std(1).fillna(0)
/home/user1/greenresearch/samim/HITL/code/make_plots.py:63: Pandas4Warning: Starting with pandas version 4.0 all arguments of std will be keyword-only.
  mean, std = piv.mean(1), piv.std(1).fillna(0)
/home/user1/greenresearch/samim/HITL/code/make_plots.py:63: Pandas4Warning: Starting with pandas version 4.0 all arguments of mean will be keyword-only.
  mean, std = piv.mean(1), piv.std(1).fillna(0)
/home/user1/greenresearch/samim/HITL/code/make_plots.py:63: Pandas4Warning: Starting with pandas version 4.0 all arguments of std will be keyword-only.
  mean, std = piv.mean(1), piv.std(1).fillna(0)
/home/user1/greenresearch/samim/HITL/code/make_plots.py:142: Pandas4Warning: Starting with pandas version 4.0 all arguments of mean will be keyword-only.
  ax.plot(piv_i.index, piv_i.mean(1), "o-", color="#d32f2f",
/home/user1/greenresearch/samim/HITL/code/make_plots.py:144: Pandas4Warning: Starting with pandas version 4.0 all arguments of mean will be keyword-only.
  ax.plot(piv_e.index, piv_e.mean(1), "s--", color="#1976d2",
wrote /home/user1/greenresearch/samim/HITL/results/curves_fmnist_noise0.0.png
wrote /home/user1/greenresearch/samim/HITL/results/curves_fmnist_noise0.2.png
wrote summary tables
wrote /home/user1/greenresearch/samim/HITL/results/diagnostics_auroc.png
dataset  noise     method  n_seeds  final_acc_mean  final_acc_std  aubc_mean  aubc_std
 fmnist    0.0     random        3        0.864167       0.003643   0.818380  0.002411
 fmnist    0.0    entropy        3        0.867933       0.006852   0.822770  0.004082
 fmnist    0.0       bald        3        0.878733       0.005055   0.825850  0.007628
 fmnist    0.0    coreset        3        0.834700       0.000990   0.809653  0.007248
 fmnist    0.0       iris        3        0.875067       0.004297   0.826477  0.009391
 fmnist    0.0 iris-nodiv        3        0.863767       0.009882   0.810563  0.010554
 fmnist    0.2     random        3        0.842400       0.003034   0.796797  0.002498
 fmnist    0.2    entropy        3        0.846933       0.004701   0.794210  0.007607
 fmnist    0.2       bald        3        0.821067       0.000694   0.775230  0.000601
 fmnist    0.2    coreset        3        0.815600       0.008747   0.783157  0.004850
 fmnist    0.2       iris        3        0.848733       0.005432   0.800497  0.003624
 fmnist    0.2 iris-norel        3        0.845633       0.007410   0.797500  0.000878
wrote /home/user1/greenresearch/samim/HITL/latex/numbers.tex (56 macros)
Sun Aug 23 08:23:25 PM +06 2026 assembled
/home/user1/greenresearch/samim/HITL/code/make_plots.py:63: Pandas4Warning: Starting with pandas version 4.0 all arguments of mean will be keyword-only.
  mean, std = piv.mean(1), piv.std(1).fillna(0)
/home/user1/greenresearch/samim/HITL/code/make_plots.py:63: Pandas4Warning: Starting with pandas version 4.0 all arguments of std will be keyword-only.
  mean, std = piv.mean(1), piv.std(1).fillna(0)
/home/user1/greenresearch/samim/HITL/code/make_plots.py:63: Pandas4Warning: Starting with pandas version 4.0 all arguments of mean will be keyword-only.
  mean, std = piv.mean(1), piv.std(1).fillna(0)
/home/user1/greenresearch/samim/HITL/code/make_plots.py:63: Pandas4Warning: Starting with pandas version 4.0 all arguments of std will be keyword-only.
  mean, std = piv.mean(1), piv.std(1).fillna(0)
/home/user1/greenresearch/samim/HITL/code/make_plots.py:63: Pandas4Warning: Starting with pandas version 4.0 all arguments of mean will be keyword-only.
  mean, std = piv.mean(1), piv.std(1).fillna(0)
/home/user1/greenresearch/samim/HITL/code/make_plots.py:63: Pandas4Warning: Starting with pandas version 4.0 all arguments of std will be keyword-only.
  mean, std = piv.mean(1), piv.std(1).fillna(0)
/home/user1/greenresearch/samim/HITL/code/make_plots.py:63: Pandas4Warning: Starting with pandas version 4.0 all arguments of mean will be keyword-only.
  mean, std = piv.mean(1), piv.std(1).fillna(0)
/home/user1/greenresearch/samim/HITL/code/make_plots.py:63: Pandas4Warning: Starting with pandas version 4.0 all arguments of std will be keyword-only.
  mean, std = piv.mean(1), piv.std(1).fillna(0)
/home/user1/greenresearch/samim/HITL/code/make_plots.py:63: Pandas4Warning: Starting with pandas version 4.0 all arguments of mean will be keyword-only.
  mean, std = piv.mean(1), piv.std(1).fillna(0)
/home/user1/greenresearch/samim/HITL/code/make_plots.py:63: Pandas4Warning: Starting with pandas version 4.0 all arguments of std will be keyword-only.
  mean, std = piv.mean(1), piv.std(1).fillna(0)
/home/user1/greenresearch/samim/HITL/code/make_plots.py:63: Pandas4Warning: Starting with pandas version 4.0 all arguments of mean will be keyword-only.
  mean, std = piv.mean(1), piv.std(1).fillna(0)
/home/user1/greenresearch/samim/HITL/code/make_plots.py:63: Pandas4Warning: Starting with pandas version 4.0 all arguments of std will be keyword-only.
  mean, std = piv.mean(1), piv.std(1).fillna(0)
/home/user1/greenresearch/samim/HITL/code/make_plots.py:63: Pandas4Warning: Starting with pandas version 4.0 all arguments of mean will be keyword-only.
  mean, std = piv.mean(1), piv.std(1).fillna(0)
/home/user1/greenresearch/samim/HITL/code/make_plots.py:63: Pandas4Warning: Starting with pandas version 4.0 all arguments of std will be keyword-only.
  mean, std = piv.mean(1), piv.std(1).fillna(0)
/home/user1/greenresearch/samim/HITL/code/make_plots.py:63: Pandas4Warning: Starting with pandas version 4.0 all arguments of mean will be keyword-only.
  mean, std = piv.mean(1), piv.std(1).fillna(0)
/home/user1/greenresearch/samim/HITL/code/make_plots.py:63: Pandas4Warning: Starting with pandas version 4.0 all arguments of std will be keyword-only.
  mean, std = piv.mean(1), piv.std(1).fillna(0)
/home/user1/greenresearch/samim/HITL/code/make_plots.py:63: Pandas4Warning: Starting with pandas version 4.0 all arguments of mean will be keyword-only.
  mean, std = piv.mean(1), piv.std(1).fillna(0)
/home/user1/greenresearch/samim/HITL/code/make_plots.py:63: Pandas4Warning: Starting with pandas version 4.0 all arguments of std will be keyword-only.
  mean, std = piv.mean(1), piv.std(1).fillna(0)
/home/user1/greenresearch/samim/HITL/code/make_plots.py:63: Pandas4Warning: Starting with pandas version 4.0 all arguments of mean will be keyword-only.
  mean, std = piv.mean(1), piv.std(1).fillna(0)
/home/user1/greenresearch/samim/HITL/code/make_plots.py:63: Pandas4Warning: Starting with pandas version 4.0 all arguments of std will be keyword-only.
  mean, std = piv.mean(1), piv.std(1).fillna(0)
/home/user1/greenresearch/samim/HITL/code/make_plots.py:63: Pandas4Warning: Starting with pandas version 4.0 all arguments of mean will be keyword-only.
  mean, std = piv.mean(1), piv.std(1).fillna(0)
/home/user1/greenresearch/samim/HITL/code/make_plots.py:63: Pandas4Warning: Starting with pandas version 4.0 all arguments of std will be keyword-only.
  mean, std = piv.mean(1), piv.std(1).fillna(0)
/home/user1/greenresearch/samim/HITL/code/make_plots.py:63: Pandas4Warning: Starting with pandas version 4.0 all arguments of mean will be keyword-only.
  mean, std = piv.mean(1), piv.std(1).fillna(0)
/home/user1/greenresearch/samim/HITL/code/make_plots.py:63: Pandas4Warning: Starting with pandas version 4.0 all arguments of std will be keyword-only.
  mean, std = piv.mean(1), piv.std(1).fillna(0)
/home/user1/greenresearch/samim/HITL/code/make_plots.py:63: Pandas4Warning: Starting with pandas version 4.0 all arguments of mean will be keyword-only.
  mean, std = piv.mean(1), piv.std(1).fillna(0)
/home/user1/greenresearch/samim/HITL/code/make_plots.py:63: Pandas4Warning: Starting with pandas version 4.0 all arguments of std will be keyword-only.
  mean, std = piv.mean(1), piv.std(1).fillna(0)
/home/user1/greenresearch/samim/HITL/code/make_plots.py:142: Pandas4Warning: Starting with pandas version 4.0 all arguments of mean will be keyword-only.
  ax.plot(piv_i.index, piv_i.mean(1), "o-", color="#d32f2f",
/home/user1/greenresearch/samim/HITL/code/make_plots.py:144: Pandas4Warning: Starting with pandas version 4.0 all arguments of mean will be keyword-only.
  ax.plot(piv_e.index, piv_e.mean(1), "s--", color="#1976d2",
wrote /home/user1/greenresearch/samim/HITL/results/curves_cifar10_noise0.0.png
wrote /home/user1/greenresearch/samim/HITL/results/curves_fmnist_noise0.0.png
wrote /home/user1/greenresearch/samim/HITL/results/curves_fmnist_noise0.2.png
wrote summary tables
wrote /home/user1/greenresearch/samim/HITL/results/diagnostics_auroc.png
dataset  noise     method  n_seeds  final_acc_mean  final_acc_std  aubc_mean  aubc_std
cifar10    0.0     random        1        0.663200       0.000000   0.576250  0.000000
 fmnist    0.0     random        3        0.864167       0.003643   0.818380  0.002411
 fmnist    0.0    entropy        3        0.867933       0.006852   0.822770  0.004082
 fmnist    0.0       bald        3        0.878733       0.005055   0.825850  0.007628
 fmnist    0.0    coreset        3        0.834700       0.000990   0.809653  0.007248
 fmnist    0.0       iris        3        0.875067       0.004297   0.826477  0.009391
 fmnist    0.0 iris-nodiv        3        0.863767       0.009882   0.810563  0.010554
 fmnist    0.2     random        3        0.842400       0.003034   0.796797  0.002498
 fmnist    0.2    entropy        3        0.846933       0.004701   0.794210  0.007607
 fmnist    0.2       bald        3        0.821067       0.000694   0.775230  0.000601
 fmnist    0.2    coreset        3        0.815600       0.008747   0.783157  0.004850
 fmnist    0.2       iris        3        0.848733       0.005432   0.800497  0.003624
 fmnist    0.2 iris-norel        3        0.845633       0.007410   0.797500  0.000878
wrote /home/user1/greenresearch/samim/HITL/latex/numbers.tex (60 macros)
Sun Aug 23 08:53:27 PM +06 2026 assembled
/home/user1/greenresearch/samim/HITL/code/make_plots.py:63: Pandas4Warning: Starting with pandas version 4.0 all arguments of mean will be keyword-only.
  mean, std = piv.mean(1), piv.std(1).fillna(0)
/home/user1/greenresearch/samim/HITL/code/make_plots.py:63: Pandas4Warning: Starting with pandas version 4.0 all arguments of std will be keyword-only.
  mean, std = piv.mean(1), piv.std(1).fillna(0)
/home/user1/greenresearch/samim/HITL/code/make_plots.py:63: Pandas4Warning: Starting with pandas version 4.0 all arguments of mean will be keyword-only.
  mean, std = piv.mean(1), piv.std(1).fillna(0)
/home/user1/greenresearch/samim/HITL/code/make_plots.py:63: Pandas4Warning: Starting with pandas version 4.0 all arguments of std will be keyword-only.
  mean, std = piv.mean(1), piv.std(1).fillna(0)
/home/user1/greenresearch/samim/HITL/code/make_plots.py:63: Pandas4Warning: Starting with pandas version 4.0 all arguments of mean will be keyword-only.
  mean, std = piv.mean(1), piv.std(1).fillna(0)
/home/user1/greenresearch/samim/HITL/code/make_plots.py:63: Pandas4Warning: Starting with pandas version 4.0 all arguments of std will be keyword-only.
  mean, std = piv.mean(1), piv.std(1).fillna(0)
/home/user1/greenresearch/samim/HITL/code/make_plots.py:63: Pandas4Warning: Starting with pandas version 4.0 all arguments of mean will be keyword-only.
  mean, std = piv.mean(1), piv.std(1).fillna(0)
/home/user1/greenresearch/samim/HITL/code/make_plots.py:63: Pandas4Warning: Starting with pandas version 4.0 all arguments of std will be keyword-only.
  mean, std = piv.mean(1), piv.std(1).fillna(0)
/home/user1/greenresearch/samim/HITL/code/make_plots.py:63: Pandas4Warning: Starting with pandas version 4.0 all arguments of mean will be keyword-only.
  mean, std = piv.mean(1), piv.std(1).fillna(0)
/home/user1/greenresearch/samim/HITL/code/make_plots.py:63: Pandas4Warning: Starting with pandas version 4.0 all arguments of std will be keyword-only.
  mean, std = piv.mean(1), piv.std(1).fillna(0)
/home/user1/greenresearch/samim/HITL/code/make_plots.py:63: Pandas4Warning: Starting with pandas version 4.0 all arguments of mean will be keyword-only.
  mean, std = piv.mean(1), piv.std(1).fillna(0)
/home/user1/greenresearch/samim/HITL/code/make_plots.py:63: Pandas4Warning: Starting with pandas version 4.0 all arguments of std will be keyword-only.
  mean, std = piv.mean(1), piv.std(1).fillna(0)
/home/user1/greenresearch/samim/HITL/code/make_plots.py:63: Pandas4Warning: Starting with pandas version 4.0 all arguments of mean will be keyword-only.
  mean, std = piv.mean(1), piv.std(1).fillna(0)
/home/user1/greenresearch/samim/HITL/code/make_plots.py:63: Pandas4Warning: Starting with pandas version 4.0 all arguments of std will be keyword-only.
  mean, std = piv.mean(1), piv.std(1).fillna(0)
/home/user1/greenresearch/samim/HITL/code/make_plots.py:63: Pandas4Warning: Starting with pandas version 4.0 all arguments of mean will be keyword-only.
  mean, std = piv.mean(1), piv.std(1).fillna(0)
/home/user1/greenresearch/samim/HITL/code/make_plots.py:63: Pandas4Warning: Starting with pandas version 4.0 all arguments of std will be keyword-only.
  mean, std = piv.mean(1), piv.std(1).fillna(0)
/home/user1/greenresearch/samim/HITL/code/make_plots.py:63: Pandas4Warning: Starting with pandas version 4.0 all arguments of mean will be keyword-only.
  mean, std = piv.mean(1), piv.std(1).fillna(0)
/home/user1/greenresearch/samim/HITL/code/make_plots.py:63: Pandas4Warning: Starting with pandas version 4.0 all arguments of std will be keyword-only.
  mean, std = piv.mean(1), piv.std(1).fillna(0)
/home/user1/greenresearch/samim/HITL/code/make_plots.py:63: Pandas4Warning: Starting with pandas version 4.0 all arguments of mean will be keyword-only.
  mean, std = piv.mean(1), piv.std(1).fillna(0)
/home/user1/greenresearch/samim/HITL/code/make_plots.py:63: Pandas4Warning: Starting with pandas version 4.0 all arguments of std will be keyword-only.
  mean, std = piv.mean(1), piv.std(1).fillna(0)
/home/user1/greenresearch/samim/HITL/code/make_plots.py:63: Pandas4Warning: Starting with pandas version 4.0 all arguments of mean will be keyword-only.
  mean, std = piv.mean(1), piv.std(1).fillna(0)
/home/user1/greenresearch/samim/HITL/code/make_plots.py:63: Pandas4Warning: Starting with pandas version 4.0 all arguments of std will be keyword-only.
  mean, std = piv.mean(1), piv.std(1).fillna(0)
/home/user1/greenresearch/samim/HITL/code/make_plots.py:63: Pandas4Warning: Starting with pandas version 4.0 all arguments of mean will be keyword-only.
  mean, std = piv.mean(1), piv.std(1).fillna(0)
/home/user1/greenresearch/samim/HITL/code/make_plots.py:63: Pandas4Warning: Starting with pandas version 4.0 all arguments of std will be keyword-only.
  mean, std = piv.mean(1), piv.std(1).fillna(0)
/home/user1/greenresearch/samim/HITL/code/make_plots.py:63: Pandas4Warning: Starting with pandas version 4.0 all arguments of mean will be keyword-only.
  mean, std = piv.mean(1), piv.std(1).fillna(0)
/home/user1/greenresearch/samim/HITL/code/make_plots.py:63: Pandas4Warning: Starting with pandas version 4.0 all arguments of std will be keyword-only.
  mean, std = piv.mean(1), piv.std(1).fillna(0)
wrote /home/user1/greenresearch/samim/HITL/results/curves_cifar10_noise0.0.png
wrote /home/user1/greenresearch/samim/HITL/results/curves_fmnist_noise0.0.png
wrote /home/user1/greenresearch/samim/HITL/results/curves_fmnist_noise0.2.png
Traceback (most recent call last):
  File "/home/user1/greenresearch/samim/HITL/code/make_plots.py", line 161, in <module>
    main()
    ~~~~^^
  File "/home/user1/greenresearch/samim/HITL/code/make_plots.py", line 103, in main
    best = g.loc[g.aubc_mean.idxmax(), "method"]
                 ~~~~~~~~~~~~~~~~~~^^
  File "/opt/miniconda/lib/python3.13/site-packages/pandas/core/series.py", line 2545, in idxmax
    iloc = self.argmax(axis, skipna, *args, **kwargs)
  File "/opt/miniconda/lib/python3.13/site-packages/pandas/core/base.py", line 814, in argmax
    result = nanops.nanargmax(delegate, skipna=skipna)
  File "/opt/miniconda/lib/python3.13/site-packages/pandas/core/nanops.py", line 1169, in nanargmax
    result = _maybe_arg_null_out(result, axis, mask, skipna)  # type: ignore[arg-type]
  File "/opt/miniconda/lib/python3.13/site-packages/pandas/core/nanops.py", line 1484, in _maybe_arg_null_out
    raise ValueError("Encountered all NA values")
ValueError: Encountered all NA values
wrote /home/user1/greenresearch/samim/HITL/latex/numbers.tex (60 macros)
Sun Aug 23 09:23:29 PM +06 2026 assembled
/home/user1/greenresearch/samim/HITL/code/make_plots.py:63: Pandas4Warning: Starting with pandas version 4.0 all arguments of mean will be keyword-only.
  mean, std = piv.mean(1), piv.std(1).fillna(0)
/home/user1/greenresearch/samim/HITL/code/make_plots.py:63: Pandas4Warning: Starting with pandas version 4.0 all arguments of std will be keyword-only.
  mean, std = piv.mean(1), piv.std(1).fillna(0)
/home/user1/greenresearch/samim/HITL/code/make_plots.py:63: Pandas4Warning: Starting with pandas version 4.0 all arguments of mean will be keyword-only.
  mean, std = piv.mean(1), piv.std(1).fillna(0)
/home/user1/greenresearch/samim/HITL/code/make_plots.py:63: Pandas4Warning: Starting with pandas version 4.0 all arguments of std will be keyword-only.
  mean, std = piv.mean(1), piv.std(1).fillna(0)
/home/user1/greenresearch/samim/HITL/code/make_plots.py:63: Pandas4Warning: Starting with pandas version 4.0 all arguments of mean will be keyword-only.
  mean, std = piv.mean(1), piv.std(1).fillna(0)
/home/user1/greenresearch/samim/HITL/code/make_plots.py:63: Pandas4Warning: Starting with pandas version 4.0 all arguments of std will be keyword-only.
  mean, std = piv.mean(1), piv.std(1).fillna(0)
/home/user1/greenresearch/samim/HITL/code/make_plots.py:63: Pandas4Warning: Starting with pandas version 4.0 all arguments of mean will be keyword-only.
  mean, std = piv.mean(1), piv.std(1).fillna(0)
/home/user1/greenresearch/samim/HITL/code/make_plots.py:63: Pandas4Warning: Starting with pandas version 4.0 all arguments of std will be keyword-only.
  mean, std = piv.mean(1), piv.std(1).fillna(0)
/home/user1/greenresearch/samim/HITL/code/make_plots.py:63: Pandas4Warning: Starting with pandas version 4.0 all arguments of mean will be keyword-only.
  mean, std = piv.mean(1), piv.std(1).fillna(0)
/home/user1/greenresearch/samim/HITL/code/make_plots.py:63: Pandas4Warning: Starting with pandas version 4.0 all arguments of std will be keyword-only.
  mean, std = piv.mean(1), piv.std(1).fillna(0)
/home/user1/greenresearch/samim/HITL/code/make_plots.py:63: Pandas4Warning: Starting with pandas version 4.0 all arguments of mean will be keyword-only.
  mean, std = piv.mean(1), piv.std(1).fillna(0)
/home/user1/greenresearch/samim/HITL/code/make_plots.py:63: Pandas4Warning: Starting with pandas version 4.0 all arguments of std will be keyword-only.
  mean, std = piv.mean(1), piv.std(1).fillna(0)
/home/user1/greenresearch/samim/HITL/code/make_plots.py:63: Pandas4Warning: Starting with pandas version 4.0 all arguments of mean will be keyword-only.
  mean, std = piv.mean(1), piv.std(1).fillna(0)
/home/user1/greenresearch/samim/HITL/code/make_plots.py:63: Pandas4Warning: Starting with pandas version 4.0 all arguments of std will be keyword-only.
  mean, std = piv.mean(1), piv.std(1).fillna(0)
/home/user1/greenresearch/samim/HITL/code/make_plots.py:63: Pandas4Warning: Starting with pandas version 4.0 all arguments of mean will be keyword-only.
  mean, std = piv.mean(1), piv.std(1).fillna(0)
/home/user1/greenresearch/samim/HITL/code/make_plots.py:63: Pandas4Warning: Starting with pandas version 4.0 all arguments of std will be keyword-only.
  mean, std = piv.mean(1), piv.std(1).fillna(0)
/home/user1/greenresearch/samim/HITL/code/make_plots.py:63: Pandas4Warning: Starting with pandas version 4.0 all arguments of mean will be keyword-only.
  mean, std = piv.mean(1), piv.std(1).fillna(0)
/home/user1/greenresearch/samim/HITL/code/make_plots.py:63: Pandas4Warning: Starting with pandas version 4.0 all arguments of std will be keyword-only.
  mean, std = piv.mean(1), piv.std(1).fillna(0)
/home/user1/greenresearch/samim/HITL/code/make_plots.py:63: Pandas4Warning: Starting with pandas version 4.0 all arguments of mean will be keyword-only.
  mean, std = piv.mean(1), piv.std(1).fillna(0)
/home/user1/greenresearch/samim/HITL/code/make_plots.py:63: Pandas4Warning: Starting with pandas version 4.0 all arguments of std will be keyword-only.
  mean, std = piv.mean(1), piv.std(1).fillna(0)
/home/user1/greenresearch/samim/HITL/code/make_plots.py:63: Pandas4Warning: Starting with pandas version 4.0 all arguments of mean will be keyword-only.
  mean, std = piv.mean(1), piv.std(1).fillna(0)
/home/user1/greenresearch/samim/HITL/code/make_plots.py:63: Pandas4Warning: Starting with pandas version 4.0 all arguments of std will be keyword-only.
  mean, std = piv.mean(1), piv.std(1).fillna(0)
/home/user1/greenresearch/samim/HITL/code/make_plots.py:63: Pandas4Warning: Starting with pandas version 4.0 all arguments of mean will be keyword-only.
  mean, std = piv.mean(1), piv.std(1).fillna(0)
/home/user1/greenresearch/samim/HITL/code/make_plots.py:63: Pandas4Warning: Starting with pandas version 4.0 all arguments of std will be keyword-only.
  mean, std = piv.mean(1), piv.std(1).fillna(0)
/home/user1/greenresearch/samim/HITL/code/make_plots.py:63: Pandas4Warning: Starting with pandas version 4.0 all arguments of mean will be keyword-only.
  mean, std = piv.mean(1), piv.std(1).fillna(0)
/home/user1/greenresearch/samim/HITL/code/make_plots.py:63: Pandas4Warning: Starting with pandas version 4.0 all arguments of std will be keyword-only.
  mean, std = piv.mean(1), piv.std(1).fillna(0)
/home/user1/greenresearch/samim/HITL/code/make_plots.py:63: Pandas4Warning: Starting with pandas version 4.0 all arguments of mean will be keyword-only.
  mean, std = piv.mean(1), piv.std(1).fillna(0)
/home/user1/greenresearch/samim/HITL/code/make_plots.py:63: Pandas4Warning: Starting with pandas version 4.0 all arguments of std will be keyword-only.
  mean, std = piv.mean(1), piv.std(1).fillna(0)
/home/user1/greenresearch/samim/HITL/code/make_plots.py:142: Pandas4Warning: Starting with pandas version 4.0 all arguments of mean will be keyword-only.
  ax.plot(piv_i.index, piv_i.mean(1), "o-", color="#d32f2f",
/home/user1/greenresearch/samim/HITL/code/make_plots.py:144: Pandas4Warning: Starting with pandas version 4.0 all arguments of mean will be keyword-only.
  ax.plot(piv_e.index, piv_e.mean(1), "s--", color="#1976d2",
wrote /home/user1/greenresearch/samim/HITL/results/curves_cifar10_noise0.0.png
wrote /home/user1/greenresearch/samim/HITL/results/curves_fmnist_noise0.0.png
wrote /home/user1/greenresearch/samim/HITL/results/curves_fmnist_noise0.2.png
wrote summary tables
wrote /home/user1/greenresearch/samim/HITL/results/diagnostics_auroc.png
dataset  noise     method  n_seeds  final_acc_mean  final_acc_std  aubc_mean  aubc_std
cifar10    0.0     random        3        0.738633       0.004651   0.609007  0.006873
cifar10    0.0    entropy        2             NaN            NaN        NaN       NaN
 fmnist    0.0     random        3        0.864167       0.003643   0.818380  0.002411
 fmnist    0.0    entropy        3        0.867933       0.006852   0.822770  0.004082
 fmnist    0.0       bald        3        0.878733       0.005055   0.825850  0.007628
 fmnist    0.0    coreset        3        0.834700       0.000990   0.809653  0.007248
 fmnist    0.0       iris        3        0.875067       0.004297   0.826477  0.009391
 fmnist    0.0 iris-nodiv        3        0.863767       0.009882   0.810563  0.010554
 fmnist    0.2     random        3        0.842400       0.003034   0.796797  0.002498
 fmnist    0.2    entropy        3        0.846933       0.004701   0.794210  0.007607
 fmnist    0.2       bald        3        0.821067       0.000694   0.775230  0.000601
 fmnist    0.2    coreset        3        0.815600       0.008747   0.783157  0.004850
 fmnist    0.2       iris        3        0.848733       0.005432   0.800497  0.003624
 fmnist    0.2 iris-norel        3        0.845633       0.007410   0.797500  0.000878
wrote /home/user1/greenresearch/samim/HITL/latex/numbers.tex (64 macros)
Sun Aug 23 09:53:30 PM +06 2026 assembled
/home/user1/greenresearch/samim/HITL/code/make_plots.py:63: Pandas4Warning: Starting with pandas version 4.0 all arguments of mean will be keyword-only.
  mean, std = piv.mean(1), piv.std(1).fillna(0)
/home/user1/greenresearch/samim/HITL/code/make_plots.py:63: Pandas4Warning: Starting with pandas version 4.0 all arguments of std will be keyword-only.
  mean, std = piv.mean(1), piv.std(1).fillna(0)
/home/user1/greenresearch/samim/HITL/code/make_plots.py:63: Pandas4Warning: Starting with pandas version 4.0 all arguments of mean will be keyword-only.
  mean, std = piv.mean(1), piv.std(1).fillna(0)
/home/user1/greenresearch/samim/HITL/code/make_plots.py:63: Pandas4Warning: Starting with pandas version 4.0 all arguments of std will be keyword-only.
  mean, std = piv.mean(1), piv.std(1).fillna(0)
/home/user1/greenresearch/samim/HITL/code/make_plots.py:63: Pandas4Warning: Starting with pandas version 4.0 all arguments of mean will be keyword-only.
  mean, std = piv.mean(1), piv.std(1).fillna(0)
/home/user1/greenresearch/samim/HITL/code/make_plots.py:63: Pandas4Warning: Starting with pandas version 4.0 all arguments of std will be keyword-only.
  mean, std = piv.mean(1), piv.std(1).fillna(0)
/home/user1/greenresearch/samim/HITL/code/make_plots.py:63: Pandas4Warning: Starting with pandas version 4.0 all arguments of mean will be keyword-only.
  mean, std = piv.mean(1), piv.std(1).fillna(0)
/home/user1/greenresearch/samim/HITL/code/make_plots.py:63: Pandas4Warning: Starting with pandas version 4.0 all arguments of std will be keyword-only.
  mean, std = piv.mean(1), piv.std(1).fillna(0)
/home/user1/greenresearch/samim/HITL/code/make_plots.py:63: Pandas4Warning: Starting with pandas version 4.0 all arguments of mean will be keyword-only.
  mean, std = piv.mean(1), piv.std(1).fillna(0)
/home/user1/greenresearch/samim/HITL/code/make_plots.py:63: Pandas4Warning: Starting with pandas version 4.0 all arguments of std will be keyword-only.
  mean, std = piv.mean(1), piv.std(1).fillna(0)
/home/user1/greenresearch/samim/HITL/code/make_plots.py:63: Pandas4Warning: Starting with pandas version 4.0 all arguments of mean will be keyword-only.
  mean, std = piv.mean(1), piv.std(1).fillna(0)
/home/user1/greenresearch/samim/HITL/code/make_plots.py:63: Pandas4Warning: Starting with pandas version 4.0 all arguments of std will be keyword-only.
  mean, std = piv.mean(1), piv.std(1).fillna(0)
/home/user1/greenresearch/samim/HITL/code/make_plots.py:63: Pandas4Warning: Starting with pandas version 4.0 all arguments of mean will be keyword-only.
  mean, std = piv.mean(1), piv.std(1).fillna(0)
/home/user1/greenresearch/samim/HITL/code/make_plots.py:63: Pandas4Warning: Starting with pandas version 4.0 all arguments of std will be keyword-only.
  mean, std = piv.mean(1), piv.std(1).fillna(0)
/home/user1/greenresearch/samim/HITL/code/make_plots.py:63: Pandas4Warning: Starting with pandas version 4.0 all arguments of mean will be keyword-only.
  mean, std = piv.mean(1), piv.std(1).fillna(0)
/home/user1/greenresearch/samim/HITL/code/make_plots.py:63: Pandas4Warning: Starting with pandas version 4.0 all arguments of std will be keyword-only.
  mean, std = piv.mean(1), piv.std(1).fillna(0)
/home/user1/greenresearch/samim/HITL/code/make_plots.py:63: Pandas4Warning: Starting with pandas version 4.0 all arguments of mean will be keyword-only.
  mean, std = piv.mean(1), piv.std(1).fillna(0)
/home/user1/greenresearch/samim/HITL/code/make_plots.py:63: Pandas4Warning: Starting with pandas version 4.0 all arguments of std will be keyword-only.
  mean, std = piv.mean(1), piv.std(1).fillna(0)
/home/user1/greenresearch/samim/HITL/code/make_plots.py:63: Pandas4Warning: Starting with pandas version 4.0 all arguments of mean will be keyword-only.
  mean, std = piv.mean(1), piv.std(1).fillna(0)
/home/user1/greenresearch/samim/HITL/code/make_plots.py:63: Pandas4Warning: Starting with pandas version 4.0 all arguments of std will be keyword-only.
  mean, std = piv.mean(1), piv.std(1).fillna(0)
/home/user1/greenresearch/samim/HITL/code/make_plots.py:63: Pandas4Warning: Starting with pandas version 4.0 all arguments of mean will be keyword-only.
  mean, std = piv.mean(1), piv.std(1).fillna(0)
/home/user1/greenresearch/samim/HITL/code/make_plots.py:63: Pandas4Warning: Starting with pandas version 4.0 all arguments of std will be keyword-only.
  mean, std = piv.mean(1), piv.std(1).fillna(0)
/home/user1/greenresearch/samim/HITL/code/make_plots.py:63: Pandas4Warning: Starting with pandas version 4.0 all arguments of mean will be keyword-only.
  mean, std = piv.mean(1), piv.std(1).fillna(0)
/home/user1/greenresearch/samim/HITL/code/make_plots.py:63: Pandas4Warning: Starting with pandas version 4.0 all arguments of std will be keyword-only.
  mean, std = piv.mean(1), piv.std(1).fillna(0)
/home/user1/greenresearch/samim/HITL/code/make_plots.py:63: Pandas4Warning: Starting with pandas version 4.0 all arguments of mean will be keyword-only.
  mean, std = piv.mean(1), piv.std(1).fillna(0)
/home/user1/greenresearch/samim/HITL/code/make_plots.py:63: Pandas4Warning: Starting with pandas version 4.0 all arguments of std will be keyword-only.
  mean, std = piv.mean(1), piv.std(1).fillna(0)
/home/user1/greenresearch/samim/HITL/code/make_plots.py:63: Pandas4Warning: Starting with pandas version 4.0 all arguments of mean will be keyword-only.
  mean, std = piv.mean(1), piv.std(1).fillna(0)
/home/user1/greenresearch/samim/HITL/code/make_plots.py:63: Pandas4Warning: Starting with pandas version 4.0 all arguments of std will be keyword-only.
  mean, std = piv.mean(1), piv.std(1).fillna(0)
/home/user1/greenresearch/samim/HITL/code/make_plots.py:63: Pandas4Warning: Starting with pandas version 4.0 all arguments of mean will be keyword-only.
  mean, std = piv.mean(1), piv.std(1).fillna(0)
/home/user1/greenresearch/samim/HITL/code/make_plots.py:63: Pandas4Warning: Starting with pandas version 4.0 all arguments of std will be keyword-only.
  mean, std = piv.mean(1), piv.std(1).fillna(0)
/home/user1/greenresearch/samim/HITL/code/make_plots.py:142: Pandas4Warning: Starting with pandas version 4.0 all arguments of mean will be keyword-only.
  ax.plot(piv_i.index, piv_i.mean(1), "o-", color="#d32f2f",
/home/user1/greenresearch/samim/HITL/code/make_plots.py:144: Pandas4Warning: Starting with pandas version 4.0 all arguments of mean will be keyword-only.
  ax.plot(piv_e.index, piv_e.mean(1), "s--", color="#1976d2",
wrote /home/user1/greenresearch/samim/HITL/results/curves_cifar10_noise0.0.png
wrote /home/user1/greenresearch/samim/HITL/results/curves_fmnist_noise0.0.png
wrote /home/user1/greenresearch/samim/HITL/results/curves_fmnist_noise0.2.png
wrote summary tables
wrote /home/user1/greenresearch/samim/HITL/results/diagnostics_auroc.png
dataset  noise     method  n_seeds  final_acc_mean  final_acc_std  aubc_mean  aubc_std
cifar10    0.0     random        3        0.738633       0.004651   0.609007  0.006873
cifar10    0.0    entropy        3        0.718767       0.025640   0.565337  0.014191
cifar10    0.0       bald        1        0.500100       0.000000   0.471850  0.000000
 fmnist    0.0     random        3        0.864167       0.003643   0.818380  0.002411
 fmnist    0.0    entropy        3        0.867933       0.006852   0.822770  0.004082
 fmnist    0.0       bald        3        0.878733       0.005055   0.825850  0.007628
 fmnist    0.0    coreset        3        0.834700       0.000990   0.809653  0.007248
 fmnist    0.0       iris        3        0.875067       0.004297   0.826477  0.009391
 fmnist    0.0 iris-nodiv        3        0.863767       0.009882   0.810563  0.010554
 fmnist    0.2     random        3        0.842400       0.003034   0.796797  0.002498
 fmnist    0.2    entropy        3        0.846933       0.004701   0.794210  0.007607
 fmnist    0.2       bald        3        0.821067       0.000694   0.775230  0.000601
 fmnist    0.2    coreset        3        0.815600       0.008747   0.783157  0.004850
 fmnist    0.2       iris        3        0.848733       0.005432   0.800497  0.003624
 fmnist    0.2 iris-norel        3        0.845633       0.007410   0.797500  0.000878
wrote /home/user1/greenresearch/samim/HITL/latex/numbers.tex (68 macros)
Sun Aug 23 10:23:32 PM +06 2026 assembled
/home/user1/greenresearch/samim/HITL/code/make_plots.py:63: Pandas4Warning: Starting with pandas version 4.0 all arguments of mean will be keyword-only.
  mean, std = piv.mean(1), piv.std(1).fillna(0)
/home/user1/greenresearch/samim/HITL/code/make_plots.py:63: Pandas4Warning: Starting with pandas version 4.0 all arguments of std will be keyword-only.
  mean, std = piv.mean(1), piv.std(1).fillna(0)
/home/user1/greenresearch/samim/HITL/code/make_plots.py:63: Pandas4Warning: Starting with pandas version 4.0 all arguments of mean will be keyword-only.
  mean, std = piv.mean(1), piv.std(1).fillna(0)
/home/user1/greenresearch/samim/HITL/code/make_plots.py:63: Pandas4Warning: Starting with pandas version 4.0 all arguments of std will be keyword-only.
  mean, std = piv.mean(1), piv.std(1).fillna(0)
/home/user1/greenresearch/samim/HITL/code/make_plots.py:63: Pandas4Warning: Starting with pandas version 4.0 all arguments of mean will be keyword-only.
  mean, std = piv.mean(1), piv.std(1).fillna(0)
/home/user1/greenresearch/samim/HITL/code/make_plots.py:63: Pandas4Warning: Starting with pandas version 4.0 all arguments of std will be keyword-only.
  mean, std = piv.mean(1), piv.std(1).fillna(0)
/home/user1/greenresearch/samim/HITL/code/make_plots.py:63: Pandas4Warning: Starting with pandas version 4.0 all arguments of mean will be keyword-only.
  mean, std = piv.mean(1), piv.std(1).fillna(0)
/home/user1/greenresearch/samim/HITL/code/make_plots.py:63: Pandas4Warning: Starting with pandas version 4.0 all arguments of std will be keyword-only.
  mean, std = piv.mean(1), piv.std(1).fillna(0)
/home/user1/greenresearch/samim/HITL/code/make_plots.py:63: Pandas4Warning: Starting with pandas version 4.0 all arguments of mean will be keyword-only.
  mean, std = piv.mean(1), piv.std(1).fillna(0)
/home/user1/greenresearch/samim/HITL/code/make_plots.py:63: Pandas4Warning: Starting with pandas version 4.0 all arguments of std will be keyword-only.
  mean, std = piv.mean(1), piv.std(1).fillna(0)
/home/user1/greenresearch/samim/HITL/code/make_plots.py:63: Pandas4Warning: Starting with pandas version 4.0 all arguments of mean will be keyword-only.
  mean, std = piv.mean(1), piv.std(1).fillna(0)
/home/user1/greenresearch/samim/HITL/code/make_plots.py:63: Pandas4Warning: Starting with pandas version 4.0 all arguments of std will be keyword-only.
  mean, std = piv.mean(1), piv.std(1).fillna(0)
/home/user1/greenresearch/samim/HITL/code/make_plots.py:63: Pandas4Warning: Starting with pandas version 4.0 all arguments of mean will be keyword-only.
  mean, std = piv.mean(1), piv.std(1).fillna(0)
/home/user1/greenresearch/samim/HITL/code/make_plots.py:63: Pandas4Warning: Starting with pandas version 4.0 all arguments of std will be keyword-only.
  mean, std = piv.mean(1), piv.std(1).fillna(0)
/home/user1/greenresearch/samim/HITL/code/make_plots.py:63: Pandas4Warning: Starting with pandas version 4.0 all arguments of mean will be keyword-only.
  mean, std = piv.mean(1), piv.std(1).fillna(0)
/home/user1/greenresearch/samim/HITL/code/make_plots.py:63: Pandas4Warning: Starting with pandas version 4.0 all arguments of std will be keyword-only.
  mean, std = piv.mean(1), piv.std(1).fillna(0)
/home/user1/greenresearch/samim/HITL/code/make_plots.py:63: Pandas4Warning: Starting with pandas version 4.0 all arguments of mean will be keyword-only.
  mean, std = piv.mean(1), piv.std(1).fillna(0)
/home/user1/greenresearch/samim/HITL/code/make_plots.py:63: Pandas4Warning: Starting with pandas version 4.0 all arguments of std will be keyword-only.
  mean, std = piv.mean(1), piv.std(1).fillna(0)
/home/user1/greenresearch/samim/HITL/code/make_plots.py:63: Pandas4Warning: Starting with pandas version 4.0 all arguments of mean will be keyword-only.
  mean, std = piv.mean(1), piv.std(1).fillna(0)
/home/user1/greenresearch/samim/HITL/code/make_plots.py:63: Pandas4Warning: Starting with pandas version 4.0 all arguments of std will be keyword-only.
  mean, std = piv.mean(1), piv.std(1).fillna(0)
/home/user1/greenresearch/samim/HITL/code/make_plots.py:63: Pandas4Warning: Starting with pandas version 4.0 all arguments of mean will be keyword-only.
  mean, std = piv.mean(1), piv.std(1).fillna(0)
/home/user1/greenresearch/samim/HITL/code/make_plots.py:63: Pandas4Warning: Starting with pandas version 4.0 all arguments of std will be keyword-only.
  mean, std = piv.mean(1), piv.std(1).fillna(0)
/home/user1/greenresearch/samim/HITL/code/make_plots.py:63: Pandas4Warning: Starting with pandas version 4.0 all arguments of mean will be keyword-only.
  mean, std = piv.mean(1), piv.std(1).fillna(0)
/home/user1/greenresearch/samim/HITL/code/make_plots.py:63: Pandas4Warning: Starting with pandas version 4.0 all arguments of std will be keyword-only.
  mean, std = piv.mean(1), piv.std(1).fillna(0)
/home/user1/greenresearch/samim/HITL/code/make_plots.py:63: Pandas4Warning: Starting with pandas version 4.0 all arguments of mean will be keyword-only.
  mean, std = piv.mean(1), piv.std(1).fillna(0)
/home/user1/greenresearch/samim/HITL/code/make_plots.py:63: Pandas4Warning: Starting with pandas version 4.0 all arguments of std will be keyword-only.
  mean, std = piv.mean(1), piv.std(1).fillna(0)
/home/user1/greenresearch/samim/HITL/code/make_plots.py:63: Pandas4Warning: Starting with pandas version 4.0 all arguments of mean will be keyword-only.
  mean, std = piv.mean(1), piv.std(1).fillna(0)
/home/user1/greenresearch/samim/HITL/code/make_plots.py:63: Pandas4Warning: Starting with pandas version 4.0 all arguments of std will be keyword-only.
  mean, std = piv.mean(1), piv.std(1).fillna(0)
/home/user1/greenresearch/samim/HITL/code/make_plots.py:63: Pandas4Warning: Starting with pandas version 4.0 all arguments of mean will be keyword-only.
  mean, std = piv.mean(1), piv.std(1).fillna(0)
/home/user1/greenresearch/samim/HITL/code/make_plots.py:63: Pandas4Warning: Starting with pandas version 4.0 all arguments of std will be keyword-only.
  mean, std = piv.mean(1), piv.std(1).fillna(0)
/home/user1/greenresearch/samim/HITL/code/make_plots.py:142: Pandas4Warning: Starting with pandas version 4.0 all arguments of mean will be keyword-only.
  ax.plot(piv_i.index, piv_i.mean(1), "o-", color="#d32f2f",
/home/user1/greenresearch/samim/HITL/code/make_plots.py:144: Pandas4Warning: Starting with pandas version 4.0 all arguments of mean will be keyword-only.
  ax.plot(piv_e.index, piv_e.mean(1), "s--", color="#1976d2",
wrote /home/user1/greenresearch/samim/HITL/results/curves_cifar10_noise0.0.png
wrote /home/user1/greenresearch/samim/HITL/results/curves_fmnist_noise0.0.png
wrote /home/user1/greenresearch/samim/HITL/results/curves_fmnist_noise0.2.png
wrote summary tables
wrote /home/user1/greenresearch/samim/HITL/results/diagnostics_auroc.png
dataset  noise     method  n_seeds  final_acc_mean  final_acc_std  aubc_mean  aubc_std
cifar10    0.0     random        3        0.738633       0.004651   0.609007  0.006873
cifar10    0.0    entropy        3        0.718767       0.025640   0.565337  0.014191
cifar10    0.0       bald        2             NaN            NaN        NaN       NaN
 fmnist    0.0     random        3        0.864167       0.003643   0.818380  0.002411
 fmnist    0.0    entropy        3        0.867933       0.006852   0.822770  0.004082
 fmnist    0.0       bald        3        0.878733       0.005055   0.825850  0.007628
 fmnist    0.0    coreset        3        0.834700       0.000990   0.809653  0.007248
 fmnist    0.0       iris        3        0.875067       0.004297   0.826477  0.009391
 fmnist    0.0 iris-nodiv        3        0.863767       0.009882   0.810563  0.010554
 fmnist    0.2     random        3        0.842400       0.003034   0.796797  0.002498
 fmnist    0.2    entropy        3        0.846933       0.004701   0.794210  0.007607
 fmnist    0.2       bald        3        0.821067       0.000694   0.775230  0.000601
 fmnist    0.2    coreset        3        0.815600       0.008747   0.783157  0.004850
 fmnist    0.2       iris        3        0.848733       0.005432   0.800497  0.003624
 fmnist    0.2 iris-norel        3        0.845633       0.007410   0.797500  0.000878
wrote /home/user1/greenresearch/samim/HITL/latex/numbers.tex (68 macros)
Sun Aug 23 10:53:34 PM +06 2026 assembled
/home/user1/greenresearch/samim/HITL/code/make_plots.py:63: Pandas4Warning: Starting with pandas version 4.0 all arguments of mean will be keyword-only.
  mean, std = piv.mean(1), piv.std(1).fillna(0)
/home/user1/greenresearch/samim/HITL/code/make_plots.py:63: Pandas4Warning: Starting with pandas version 4.0 all arguments of std will be keyword-only.
  mean, std = piv.mean(1), piv.std(1).fillna(0)
/home/user1/greenresearch/samim/HITL/code/make_plots.py:63: Pandas4Warning: Starting with pandas version 4.0 all arguments of mean will be keyword-only.
  mean, std = piv.mean(1), piv.std(1).fillna(0)
/home/user1/greenresearch/samim/HITL/code/make_plots.py:63: Pandas4Warning: Starting with pandas version 4.0 all arguments of std will be keyword-only.
  mean, std = piv.mean(1), piv.std(1).fillna(0)
/home/user1/greenresearch/samim/HITL/code/make_plots.py:63: Pandas4Warning: Starting with pandas version 4.0 all arguments of mean will be keyword-only.
  mean, std = piv.mean(1), piv.std(1).fillna(0)
/home/user1/greenresearch/samim/HITL/code/make_plots.py:63: Pandas4Warning: Starting with pandas version 4.0 all arguments of std will be keyword-only.
  mean, std = piv.mean(1), piv.std(1).fillna(0)
/home/user1/greenresearch/samim/HITL/code/make_plots.py:63: Pandas4Warning: Starting with pandas version 4.0 all arguments of mean will be keyword-only.
  mean, std = piv.mean(1), piv.std(1).fillna(0)
/home/user1/greenresearch/samim/HITL/code/make_plots.py:63: Pandas4Warning: Starting with pandas version 4.0 all arguments of std will be keyword-only.
  mean, std = piv.mean(1), piv.std(1).fillna(0)
/home/user1/greenresearch/samim/HITL/code/make_plots.py:63: Pandas4Warning: Starting with pandas version 4.0 all arguments of mean will be keyword-only.
  mean, std = piv.mean(1), piv.std(1).fillna(0)
/home/user1/greenresearch/samim/HITL/code/make_plots.py:63: Pandas4Warning: Starting with pandas version 4.0 all arguments of std will be keyword-only.
  mean, std = piv.mean(1), piv.std(1).fillna(0)
/home/user1/greenresearch/samim/HITL/code/make_plots.py:63: Pandas4Warning: Starting with pandas version 4.0 all arguments of mean will be keyword-only.
  mean, std = piv.mean(1), piv.std(1).fillna(0)
/home/user1/greenresearch/samim/HITL/code/make_plots.py:63: Pandas4Warning: Starting with pandas version 4.0 all arguments of std will be keyword-only.
  mean, std = piv.mean(1), piv.std(1).fillna(0)
/home/user1/greenresearch/samim/HITL/code/make_plots.py:63: Pandas4Warning: Starting with pandas version 4.0 all arguments of mean will be keyword-only.
  mean, std = piv.mean(1), piv.std(1).fillna(0)
/home/user1/greenresearch/samim/HITL/code/make_plots.py:63: Pandas4Warning: Starting with pandas version 4.0 all arguments of std will be keyword-only.
  mean, std = piv.mean(1), piv.std(1).fillna(0)
/home/user1/greenresearch/samim/HITL/code/make_plots.py:63: Pandas4Warning: Starting with pandas version 4.0 all arguments of mean will be keyword-only.
  mean, std = piv.mean(1), piv.std(1).fillna(0)
/home/user1/greenresearch/samim/HITL/code/make_plots.py:63: Pandas4Warning: Starting with pandas version 4.0 all arguments of std will be keyword-only.
  mean, std = piv.mean(1), piv.std(1).fillna(0)
/home/user1/greenresearch/samim/HITL/code/make_plots.py:63: Pandas4Warning: Starting with pandas version 4.0 all arguments of mean will be keyword-only.
  mean, std = piv.mean(1), piv.std(1).fillna(0)
/home/user1/greenresearch/samim/HITL/code/make_plots.py:63: Pandas4Warning: Starting with pandas version 4.0 all arguments of std will be keyword-only.
  mean, std = piv.mean(1), piv.std(1).fillna(0)
/home/user1/greenresearch/samim/HITL/code/make_plots.py:63: Pandas4Warning: Starting with pandas version 4.0 all arguments of mean will be keyword-only.
  mean, std = piv.mean(1), piv.std(1).fillna(0)
/home/user1/greenresearch/samim/HITL/code/make_plots.py:63: Pandas4Warning: Starting with pandas version 4.0 all arguments of std will be keyword-only.
  mean, std = piv.mean(1), piv.std(1).fillna(0)
/home/user1/greenresearch/samim/HITL/code/make_plots.py:63: Pandas4Warning: Starting with pandas version 4.0 all arguments of mean will be keyword-only.
  mean, std = piv.mean(1), piv.std(1).fillna(0)
/home/user1/greenresearch/samim/HITL/code/make_plots.py:63: Pandas4Warning: Starting with pandas version 4.0 all arguments of std will be keyword-only.
  mean, std = piv.mean(1), piv.std(1).fillna(0)
/home/user1/greenresearch/samim/HITL/code/make_plots.py:63: Pandas4Warning: Starting with pandas version 4.0 all arguments of mean will be keyword-only.
  mean, std = piv.mean(1), piv.std(1).fillna(0)
/home/user1/greenresearch/samim/HITL/code/make_plots.py:63: Pandas4Warning: Starting with pandas version 4.0 all arguments of std will be keyword-only.
  mean, std = piv.mean(1), piv.std(1).fillna(0)
/home/user1/greenresearch/samim/HITL/code/make_plots.py:63: Pandas4Warning: Starting with pandas version 4.0 all arguments of mean will be keyword-only.
  mean, std = piv.mean(1), piv.std(1).fillna(0)
/home/user1/greenresearch/samim/HITL/code/make_plots.py:63: Pandas4Warning: Starting with pandas version 4.0 all arguments of std will be keyword-only.
  mean, std = piv.mean(1), piv.std(1).fillna(0)
/home/user1/greenresearch/samim/HITL/code/make_plots.py:63: Pandas4Warning: Starting with pandas version 4.0 all arguments of mean will be keyword-only.
  mean, std = piv.mean(1), piv.std(1).fillna(0)
/home/user1/greenresearch/samim/HITL/code/make_plots.py:63: Pandas4Warning: Starting with pandas version 4.0 all arguments of std will be keyword-only.
  mean, std = piv.mean(1), piv.std(1).fillna(0)
/home/user1/greenresearch/samim/HITL/code/make_plots.py:63: Pandas4Warning: Starting with pandas version 4.0 all arguments of mean will be keyword-only.
  mean, std = piv.mean(1), piv.std(1).fillna(0)
/home/user1/greenresearch/samim/HITL/code/make_plots.py:63: Pandas4Warning: Starting with pandas version 4.0 all arguments of std will be keyword-only.
  mean, std = piv.mean(1), piv.std(1).fillna(0)
/home/user1/greenresearch/samim/HITL/code/make_plots.py:142: Pandas4Warning: Starting with pandas version 4.0 all arguments of mean will be keyword-only.
  ax.plot(piv_i.index, piv_i.mean(1), "o-", color="#d32f2f",
/home/user1/greenresearch/samim/HITL/code/make_plots.py:144: Pandas4Warning: Starting with pandas version 4.0 all arguments of mean will be keyword-only.
  ax.plot(piv_e.index, piv_e.mean(1), "s--", color="#1976d2",
wrote /home/user1/greenresearch/samim/HITL/results/curves_cifar10_noise0.0.png
wrote /home/user1/greenresearch/samim/HITL/results/curves_fmnist_noise0.0.png
wrote /home/user1/greenresearch/samim/HITL/results/curves_fmnist_noise0.2.png
wrote summary tables
wrote /home/user1/greenresearch/samim/HITL/results/diagnostics_auroc.png
dataset  noise     method  n_seeds  final_acc_mean  final_acc_std  aubc_mean  aubc_std
cifar10    0.0     random        3        0.738633       0.004651   0.609007  0.006873
cifar10    0.0    entropy        3        0.718767       0.025640   0.565337  0.014191
cifar10    0.0       bald        3             NaN            NaN        NaN       NaN
 fmnist    0.0     random        3        0.864167       0.003643   0.818380  0.002411
 fmnist    0.0    entropy        3        0.867933       0.006852   0.822770  0.004082
 fmnist    0.0       bald        3        0.878733       0.005055   0.825850  0.007628
 fmnist    0.0    coreset        3        0.834700       0.000990   0.809653  0.007248
 fmnist    0.0       iris        3        0.875067       0.004297   0.826477  0.009391
 fmnist    0.0 iris-nodiv        3        0.863767       0.009882   0.810563  0.010554
 fmnist    0.2     random        3        0.842400       0.003034   0.796797  0.002498
 fmnist    0.2    entropy        3        0.846933       0.004701   0.794210  0.007607
 fmnist    0.2       bald        3        0.821067       0.000694   0.775230  0.000601
 fmnist    0.2    coreset        3        0.815600       0.008747   0.783157  0.004850
 fmnist    0.2       iris        3        0.848733       0.005432   0.800497  0.003624
 fmnist    0.2 iris-norel        3        0.845633       0.007410   0.797500  0.000878
wrote /home/user1/greenresearch/samim/HITL/latex/numbers.tex (68 macros)
Sun Aug 23 11:23:36 PM +06 2026 assembled
/home/user1/greenresearch/samim/HITL/code/make_plots.py:63: Pandas4Warning: Starting with pandas version 4.0 all arguments of mean will be keyword-only.
  mean, std = piv.mean(1), piv.std(1).fillna(0)
/home/user1/greenresearch/samim/HITL/code/make_plots.py:63: Pandas4Warning: Starting with pandas version 4.0 all arguments of std will be keyword-only.
  mean, std = piv.mean(1), piv.std(1).fillna(0)
/home/user1/greenresearch/samim/HITL/code/make_plots.py:63: Pandas4Warning: Starting with pandas version 4.0 all arguments of mean will be keyword-only.
  mean, std = piv.mean(1), piv.std(1).fillna(0)
/home/user1/greenresearch/samim/HITL/code/make_plots.py:63: Pandas4Warning: Starting with pandas version 4.0 all arguments of std will be keyword-only.
  mean, std = piv.mean(1), piv.std(1).fillna(0)
/home/user1/greenresearch/samim/HITL/code/make_plots.py:63: Pandas4Warning: Starting with pandas version 4.0 all arguments of mean will be keyword-only.
  mean, std = piv.mean(1), piv.std(1).fillna(0)
/home/user1/greenresearch/samim/HITL/code/make_plots.py:63: Pandas4Warning: Starting with pandas version 4.0 all arguments of std will be keyword-only.
  mean, std = piv.mean(1), piv.std(1).fillna(0)
/home/user1/greenresearch/samim/HITL/code/make_plots.py:63: Pandas4Warning: Starting with pandas version 4.0 all arguments of mean will be keyword-only.
  mean, std = piv.mean(1), piv.std(1).fillna(0)
/home/user1/greenresearch/samim/HITL/code/make_plots.py:63: Pandas4Warning: Starting with pandas version 4.0 all arguments of std will be keyword-only.
  mean, std = piv.mean(1), piv.std(1).fillna(0)
/home/user1/greenresearch/samim/HITL/code/make_plots.py:63: Pandas4Warning: Starting with pandas version 4.0 all arguments of mean will be keyword-only.
  mean, std = piv.mean(1), piv.std(1).fillna(0)
/home/user1/greenresearch/samim/HITL/code/make_plots.py:63: Pandas4Warning: Starting with pandas version 4.0 all arguments of std will be keyword-only.
  mean, std = piv.mean(1), piv.std(1).fillna(0)
/home/user1/greenresearch/samim/HITL/code/make_plots.py:63: Pandas4Warning: Starting with pandas version 4.0 all arguments of mean will be keyword-only.
  mean, std = piv.mean(1), piv.std(1).fillna(0)
/home/user1/greenresearch/samim/HITL/code/make_plots.py:63: Pandas4Warning: Starting with pandas version 4.0 all arguments of std will be keyword-only.
  mean, std = piv.mean(1), piv.std(1).fillna(0)
/home/user1/greenresearch/samim/HITL/code/make_plots.py:63: Pandas4Warning: Starting with pandas version 4.0 all arguments of mean will be keyword-only.
  mean, std = piv.mean(1), piv.std(1).fillna(0)
/home/user1/greenresearch/samim/HITL/code/make_plots.py:63: Pandas4Warning: Starting with pandas version 4.0 all arguments of std will be keyword-only.
  mean, std = piv.mean(1), piv.std(1).fillna(0)
/home/user1/greenresearch/samim/HITL/code/make_plots.py:63: Pandas4Warning: Starting with pandas version 4.0 all arguments of mean will be keyword-only.
  mean, std = piv.mean(1), piv.std(1).fillna(0)
/home/user1/greenresearch/samim/HITL/code/make_plots.py:63: Pandas4Warning: Starting with pandas version 4.0 all arguments of std will be keyword-only.
  mean, std = piv.mean(1), piv.std(1).fillna(0)
/home/user1/greenresearch/samim/HITL/code/make_plots.py:63: Pandas4Warning: Starting with pandas version 4.0 all arguments of mean will be keyword-only.
  mean, std = piv.mean(1), piv.std(1).fillna(0)
/home/user1/greenresearch/samim/HITL/code/make_plots.py:63: Pandas4Warning: Starting with pandas version 4.0 all arguments of std will be keyword-only.
  mean, std = piv.mean(1), piv.std(1).fillna(0)
/home/user1/greenresearch/samim/HITL/code/make_plots.py:63: Pandas4Warning: Starting with pandas version 4.0 all arguments of mean will be keyword-only.
  mean, std = piv.mean(1), piv.std(1).fillna(0)
/home/user1/greenresearch/samim/HITL/code/make_plots.py:63: Pandas4Warning: Starting with pandas version 4.0 all arguments of std will be keyword-only.
  mean, std = piv.mean(1), piv.std(1).fillna(0)
/home/user1/greenresearch/samim/HITL/code/make_plots.py:63: Pandas4Warning: Starting with pandas version 4.0 all arguments of mean will be keyword-only.
  mean, std = piv.mean(1), piv.std(1).fillna(0)
/home/user1/greenresearch/samim/HITL/code/make_plots.py:63: Pandas4Warning: Starting with pandas version 4.0 all arguments of std will be keyword-only.
  mean, std = piv.mean(1), piv.std(1).fillna(0)
/home/user1/greenresearch/samim/HITL/code/make_plots.py:63: Pandas4Warning: Starting with pandas version 4.0 all arguments of mean will be keyword-only.
  mean, std = piv.mean(1), piv.std(1).fillna(0)
/home/user1/greenresearch/samim/HITL/code/make_plots.py:63: Pandas4Warning: Starting with pandas version 4.0 all arguments of std will be keyword-only.
  mean, std = piv.mean(1), piv.std(1).fillna(0)
/home/user1/greenresearch/samim/HITL/code/make_plots.py:63: Pandas4Warning: Starting with pandas version 4.0 all arguments of mean will be keyword-only.
  mean, std = piv.mean(1), piv.std(1).fillna(0)
/home/user1/greenresearch/samim/HITL/code/make_plots.py:63: Pandas4Warning: Starting with pandas version 4.0 all arguments of std will be keyword-only.
  mean, std = piv.mean(1), piv.std(1).fillna(0)
/home/user1/greenresearch/samim/HITL/code/make_plots.py:63: Pandas4Warning: Starting with pandas version 4.0 all arguments of mean will be keyword-only.
  mean, std = piv.mean(1), piv.std(1).fillna(0)
/home/user1/greenresearch/samim/HITL/code/make_plots.py:63: Pandas4Warning: Starting with pandas version 4.0 all arguments of std will be keyword-only.
  mean, std = piv.mean(1), piv.std(1).fillna(0)
/home/user1/greenresearch/samim/HITL/code/make_plots.py:63: Pandas4Warning: Starting with pandas version 4.0 all arguments of mean will be keyword-only.
  mean, std = piv.mean(1), piv.std(1).fillna(0)
/home/user1/greenresearch/samim/HITL/code/make_plots.py:63: Pandas4Warning: Starting with pandas version 4.0 all arguments of std will be keyword-only.
  mean, std = piv.mean(1), piv.std(1).fillna(0)
/home/user1/greenresearch/samim/HITL/code/make_plots.py:142: Pandas4Warning: Starting with pandas version 4.0 all arguments of mean will be keyword-only.
  ax.plot(piv_i.index, piv_i.mean(1), "o-", color="#d32f2f",
/home/user1/greenresearch/samim/HITL/code/make_plots.py:144: Pandas4Warning: Starting with pandas version 4.0 all arguments of mean will be keyword-only.
  ax.plot(piv_e.index, piv_e.mean(1), "s--", color="#1976d2",
wrote /home/user1/greenresearch/samim/HITL/results/curves_cifar10_noise0.0.png
wrote /home/user1/greenresearch/samim/HITL/results/curves_fmnist_noise0.0.png
wrote /home/user1/greenresearch/samim/HITL/results/curves_fmnist_noise0.2.png
wrote summary tables
wrote /home/user1/greenresearch/samim/HITL/results/diagnostics_auroc.png
dataset  noise     method  n_seeds  final_acc_mean  final_acc_std  aubc_mean  aubc_std
cifar10    0.0     random        3        0.738633       0.004651   0.609007  0.006873
cifar10    0.0    entropy        3        0.718767       0.025640   0.565337  0.014191
cifar10    0.0       bald        3        0.726833       0.021732   0.592607  0.014223
 fmnist    0.0     random        3        0.864167       0.003643   0.818380  0.002411
 fmnist    0.0    entropy        3        0.867933       0.006852   0.822770  0.004082
 fmnist    0.0       bald        3        0.878733       0.005055   0.825850  0.007628
 fmnist    0.0    coreset        3        0.834700       0.000990   0.809653  0.007248
 fmnist    0.0       iris        3        0.875067       0.004297   0.826477  0.009391
 fmnist    0.0 iris-nodiv        3        0.863767       0.009882   0.810563  0.010554
 fmnist    0.2     random        3        0.842400       0.003034   0.796797  0.002498
 fmnist    0.2    entropy        3        0.846933       0.004701   0.794210  0.007607
 fmnist    0.2       bald        3        0.821067       0.000694   0.775230  0.000601
 fmnist    0.2    coreset        3        0.815600       0.008747   0.783157  0.004850
 fmnist    0.2       iris        3        0.848733       0.005432   0.800497  0.003624
 fmnist    0.2 iris-norel        3        0.845633       0.007410   0.797500  0.000878
wrote /home/user1/greenresearch/samim/HITL/latex/numbers.tex (68 macros)
Sun Aug 23 11:53:39 PM +06 2026 assembled
/home/user1/greenresearch/samim/HITL/code/make_plots.py:63: Pandas4Warning: Starting with pandas version 4.0 all arguments of mean will be keyword-only.
  mean, std = piv.mean(1), piv.std(1).fillna(0)
/home/user1/greenresearch/samim/HITL/code/make_plots.py:63: Pandas4Warning: Starting with pandas version 4.0 all arguments of std will be keyword-only.
  mean, std = piv.mean(1), piv.std(1).fillna(0)
/home/user1/greenresearch/samim/HITL/code/make_plots.py:63: Pandas4Warning: Starting with pandas version 4.0 all arguments of mean will be keyword-only.
  mean, std = piv.mean(1), piv.std(1).fillna(0)
/home/user1/greenresearch/samim/HITL/code/make_plots.py:63: Pandas4Warning: Starting with pandas version 4.0 all arguments of std will be keyword-only.
  mean, std = piv.mean(1), piv.std(1).fillna(0)
/home/user1/greenresearch/samim/HITL/code/make_plots.py:63: Pandas4Warning: Starting with pandas version 4.0 all arguments of mean will be keyword-only.
  mean, std = piv.mean(1), piv.std(1).fillna(0)
/home/user1/greenresearch/samim/HITL/code/make_plots.py:63: Pandas4Warning: Starting with pandas version 4.0 all arguments of std will be keyword-only.
  mean, std = piv.mean(1), piv.std(1).fillna(0)
/home/user1/greenresearch/samim/HITL/code/make_plots.py:63: Pandas4Warning: Starting with pandas version 4.0 all arguments of mean will be keyword-only.
  mean, std = piv.mean(1), piv.std(1).fillna(0)
/home/user1/greenresearch/samim/HITL/code/make_plots.py:63: Pandas4Warning: Starting with pandas version 4.0 all arguments of std will be keyword-only.
  mean, std = piv.mean(1), piv.std(1).fillna(0)
/home/user1/greenresearch/samim/HITL/code/make_plots.py:63: Pandas4Warning: Starting with pandas version 4.0 all arguments of mean will be keyword-only.
  mean, std = piv.mean(1), piv.std(1).fillna(0)
/home/user1/greenresearch/samim/HITL/code/make_plots.py:63: Pandas4Warning: Starting with pandas version 4.0 all arguments of std will be keyword-only.
  mean, std = piv.mean(1), piv.std(1).fillna(0)
/home/user1/greenresearch/samim/HITL/code/make_plots.py:63: Pandas4Warning: Starting with pandas version 4.0 all arguments of mean will be keyword-only.
  mean, std = piv.mean(1), piv.std(1).fillna(0)
/home/user1/greenresearch/samim/HITL/code/make_plots.py:63: Pandas4Warning: Starting with pandas version 4.0 all arguments of std will be keyword-only.
  mean, std = piv.mean(1), piv.std(1).fillna(0)
/home/user1/greenresearch/samim/HITL/code/make_plots.py:63: Pandas4Warning: Starting with pandas version 4.0 all arguments of mean will be keyword-only.
  mean, std = piv.mean(1), piv.std(1).fillna(0)
/home/user1/greenresearch/samim/HITL/code/make_plots.py:63: Pandas4Warning: Starting with pandas version 4.0 all arguments of std will be keyword-only.
  mean, std = piv.mean(1), piv.std(1).fillna(0)
/home/user1/greenresearch/samim/HITL/code/make_plots.py:63: Pandas4Warning: Starting with pandas version 4.0 all arguments of mean will be keyword-only.
  mean, std = piv.mean(1), piv.std(1).fillna(0)
/home/user1/greenresearch/samim/HITL/code/make_plots.py:63: Pandas4Warning: Starting with pandas version 4.0 all arguments of std will be keyword-only.
  mean, std = piv.mean(1), piv.std(1).fillna(0)
/home/user1/greenresearch/samim/HITL/code/make_plots.py:63: Pandas4Warning: Starting with pandas version 4.0 all arguments of mean will be keyword-only.
  mean, std = piv.mean(1), piv.std(1).fillna(0)
/home/user1/greenresearch/samim/HITL/code/make_plots.py:63: Pandas4Warning: Starting with pandas version 4.0 all arguments of std will be keyword-only.
  mean, std = piv.mean(1), piv.std(1).fillna(0)
/home/user1/greenresearch/samim/HITL/code/make_plots.py:63: Pandas4Warning: Starting with pandas version 4.0 all arguments of mean will be keyword-only.
  mean, std = piv.mean(1), piv.std(1).fillna(0)
/home/user1/greenresearch/samim/HITL/code/make_plots.py:63: Pandas4Warning: Starting with pandas version 4.0 all arguments of std will be keyword-only.
  mean, std = piv.mean(1), piv.std(1).fillna(0)
/home/user1/greenresearch/samim/HITL/code/make_plots.py:63: Pandas4Warning: Starting with pandas version 4.0 all arguments of mean will be keyword-only.
  mean, std = piv.mean(1), piv.std(1).fillna(0)
/home/user1/greenresearch/samim/HITL/code/make_plots.py:63: Pandas4Warning: Starting with pandas version 4.0 all arguments of std will be keyword-only.
  mean, std = piv.mean(1), piv.std(1).fillna(0)
/home/user1/greenresearch/samim/HITL/code/make_plots.py:63: Pandas4Warning: Starting with pandas version 4.0 all arguments of mean will be keyword-only.
  mean, std = piv.mean(1), piv.std(1).fillna(0)
/home/user1/greenresearch/samim/HITL/code/make_plots.py:63: Pandas4Warning: Starting with pandas version 4.0 all arguments of std will be keyword-only.
  mean, std = piv.mean(1), piv.std(1).fillna(0)
/home/user1/greenresearch/samim/HITL/code/make_plots.py:63: Pandas4Warning: Starting with pandas version 4.0 all arguments of mean will be keyword-only.
  mean, std = piv.mean(1), piv.std(1).fillna(0)
/home/user1/greenresearch/samim/HITL/code/make_plots.py:63: Pandas4Warning: Starting with pandas version 4.0 all arguments of std will be keyword-only.
  mean, std = piv.mean(1), piv.std(1).fillna(0)
/home/user1/greenresearch/samim/HITL/code/make_plots.py:63: Pandas4Warning: Starting with pandas version 4.0 all arguments of mean will be keyword-only.
  mean, std = piv.mean(1), piv.std(1).fillna(0)
/home/user1/greenresearch/samim/HITL/code/make_plots.py:63: Pandas4Warning: Starting with pandas version 4.0 all arguments of std will be keyword-only.
  mean, std = piv.mean(1), piv.std(1).fillna(0)
/home/user1/greenresearch/samim/HITL/code/make_plots.py:63: Pandas4Warning: Starting with pandas version 4.0 all arguments of mean will be keyword-only.
  mean, std = piv.mean(1), piv.std(1).fillna(0)
/home/user1/greenresearch/samim/HITL/code/make_plots.py:63: Pandas4Warning: Starting with pandas version 4.0 all arguments of std will be keyword-only.
  mean, std = piv.mean(1), piv.std(1).fillna(0)
/home/user1/greenresearch/samim/HITL/code/make_plots.py:142: Pandas4Warning: Starting with pandas version 4.0 all arguments of mean will be keyword-only.
  ax.plot(piv_i.index, piv_i.mean(1), "o-", color="#d32f2f",
/home/user1/greenresearch/samim/HITL/code/make_plots.py:144: Pandas4Warning: Starting with pandas version 4.0 all arguments of mean will be keyword-only.
  ax.plot(piv_e.index, piv_e.mean(1), "s--", color="#1976d2",
wrote /home/user1/greenresearch/samim/HITL/results/curves_cifar10_noise0.0.png
wrote /home/user1/greenresearch/samim/HITL/results/curves_fmnist_noise0.0.png
wrote /home/user1/greenresearch/samim/HITL/results/curves_fmnist_noise0.2.png
wrote summary tables
wrote /home/user1/greenresearch/samim/HITL/results/diagnostics_auroc.png
dataset  noise     method  n_seeds  final_acc_mean  final_acc_std  aubc_mean  aubc_std
cifar10    0.0     random        3        0.738633       0.004651   0.609007  0.006873
cifar10    0.0    entropy        3        0.718767       0.025640   0.565337  0.014191
cifar10    0.0       bald        3        0.726833       0.021732   0.592607  0.014223
 fmnist    0.0     random        3        0.864167       0.003643   0.818380  0.002411
 fmnist    0.0    entropy        3        0.867933       0.006852   0.822770  0.004082
 fmnist    0.0       bald        3        0.878733       0.005055   0.825850  0.007628
 fmnist    0.0    coreset        3        0.834700       0.000990   0.809653  0.007248
 fmnist    0.0       iris        3        0.875067       0.004297   0.826477  0.009391
 fmnist    0.0 iris-nodiv        3        0.863767       0.009882   0.810563  0.010554
 fmnist    0.2     random        3        0.842400       0.003034   0.796797  0.002498
 fmnist    0.2    entropy        3        0.846933       0.004701   0.794210  0.007607
 fmnist    0.2       bald        3        0.821067       0.000694   0.775230  0.000601
 fmnist    0.2    coreset        3        0.815600       0.008747   0.783157  0.004850
 fmnist    0.2       iris        3        0.848733       0.005432   0.800497  0.003624
 fmnist    0.2 iris-norel        3        0.845633       0.007410   0.797500  0.000878
wrote /home/user1/greenresearch/samim/HITL/latex/numbers.tex (68 macros)
Mon Aug 24 12:23:41 AM +06 2026 assembled
/home/user1/greenresearch/samim/HITL/code/make_plots.py:63: Pandas4Warning: Starting with pandas version 4.0 all arguments of mean will be keyword-only.
  mean, std = piv.mean(1), piv.std(1).fillna(0)
/home/user1/greenresearch/samim/HITL/code/make_plots.py:63: Pandas4Warning: Starting with pandas version 4.0 all arguments of std will be keyword-only.
  mean, std = piv.mean(1), piv.std(1).fillna(0)
/home/user1/greenresearch/samim/HITL/code/make_plots.py:63: Pandas4Warning: Starting with pandas version 4.0 all arguments of mean will be keyword-only.
  mean, std = piv.mean(1), piv.std(1).fillna(0)
/home/user1/greenresearch/samim/HITL/code/make_plots.py:63: Pandas4Warning: Starting with pandas version 4.0 all arguments of std will be keyword-only.
  mean, std = piv.mean(1), piv.std(1).fillna(0)
/home/user1/greenresearch/samim/HITL/code/make_plots.py:63: Pandas4Warning: Starting with pandas version 4.0 all arguments of mean will be keyword-only.
  mean, std = piv.mean(1), piv.std(1).fillna(0)
/home/user1/greenresearch/samim/HITL/code/make_plots.py:63: Pandas4Warning: Starting with pandas version 4.0 all arguments of std will be keyword-only.
  mean, std = piv.mean(1), piv.std(1).fillna(0)
/home/user1/greenresearch/samim/HITL/code/make_plots.py:63: Pandas4Warning: Starting with pandas version 4.0 all arguments of mean will be keyword-only.
  mean, std = piv.mean(1), piv.std(1).fillna(0)
/home/user1/greenresearch/samim/HITL/code/make_plots.py:63: Pandas4Warning: Starting with pandas version 4.0 all arguments of std will be keyword-only.
  mean, std = piv.mean(1), piv.std(1).fillna(0)
/home/user1/greenresearch/samim/HITL/code/make_plots.py:63: Pandas4Warning: Starting with pandas version 4.0 all arguments of mean will be keyword-only.
  mean, std = piv.mean(1), piv.std(1).fillna(0)
/home/user1/greenresearch/samim/HITL/code/make_plots.py:63: Pandas4Warning: Starting with pandas version 4.0 all arguments of std will be keyword-only.
  mean, std = piv.mean(1), piv.std(1).fillna(0)
/home/user1/greenresearch/samim/HITL/code/make_plots.py:63: Pandas4Warning: Starting with pandas version 4.0 all arguments of mean will be keyword-only.
  mean, std = piv.mean(1), piv.std(1).fillna(0)
/home/user1/greenresearch/samim/HITL/code/make_plots.py:63: Pandas4Warning: Starting with pandas version 4.0 all arguments of std will be keyword-only.
  mean, std = piv.mean(1), piv.std(1).fillna(0)
/home/user1/greenresearch/samim/HITL/code/make_plots.py:63: Pandas4Warning: Starting with pandas version 4.0 all arguments of mean will be keyword-only.
  mean, std = piv.mean(1), piv.std(1).fillna(0)
/home/user1/greenresearch/samim/HITL/code/make_plots.py:63: Pandas4Warning: Starting with pandas version 4.0 all arguments of std will be keyword-only.
  mean, std = piv.mean(1), piv.std(1).fillna(0)
/home/user1/greenresearch/samim/HITL/code/make_plots.py:63: Pandas4Warning: Starting with pandas version 4.0 all arguments of mean will be keyword-only.
  mean, std = piv.mean(1), piv.std(1).fillna(0)
/home/user1/greenresearch/samim/HITL/code/make_plots.py:63: Pandas4Warning: Starting with pandas version 4.0 all arguments of std will be keyword-only.
  mean, std = piv.mean(1), piv.std(1).fillna(0)
/home/user1/greenresearch/samim/HITL/code/make_plots.py:63: Pandas4Warning: Starting with pandas version 4.0 all arguments of mean will be keyword-only.
  mean, std = piv.mean(1), piv.std(1).fillna(0)
/home/user1/greenresearch/samim/HITL/code/make_plots.py:63: Pandas4Warning: Starting with pandas version 4.0 all arguments of std will be keyword-only.
  mean, std = piv.mean(1), piv.std(1).fillna(0)
/home/user1/greenresearch/samim/HITL/code/make_plots.py:63: Pandas4Warning: Starting with pandas version 4.0 all arguments of mean will be keyword-only.
  mean, std = piv.mean(1), piv.std(1).fillna(0)
/home/user1/greenresearch/samim/HITL/code/make_plots.py:63: Pandas4Warning: Starting with pandas version 4.0 all arguments of std will be keyword-only.
  mean, std = piv.mean(1), piv.std(1).fillna(0)
/home/user1/greenresearch/samim/HITL/code/make_plots.py:63: Pandas4Warning: Starting with pandas version 4.0 all arguments of mean will be keyword-only.
  mean, std = piv.mean(1), piv.std(1).fillna(0)
/home/user1/greenresearch/samim/HITL/code/make_plots.py:63: Pandas4Warning: Starting with pandas version 4.0 all arguments of std will be keyword-only.
  mean, std = piv.mean(1), piv.std(1).fillna(0)
/home/user1/greenresearch/samim/HITL/code/make_plots.py:63: Pandas4Warning: Starting with pandas version 4.0 all arguments of mean will be keyword-only.
  mean, std = piv.mean(1), piv.std(1).fillna(0)
/home/user1/greenresearch/samim/HITL/code/make_plots.py:63: Pandas4Warning: Starting with pandas version 4.0 all arguments of std will be keyword-only.
  mean, std = piv.mean(1), piv.std(1).fillna(0)
/home/user1/greenresearch/samim/HITL/code/make_plots.py:63: Pandas4Warning: Starting with pandas version 4.0 all arguments of mean will be keyword-only.
  mean, std = piv.mean(1), piv.std(1).fillna(0)
/home/user1/greenresearch/samim/HITL/code/make_plots.py:63: Pandas4Warning: Starting with pandas version 4.0 all arguments of std will be keyword-only.
  mean, std = piv.mean(1), piv.std(1).fillna(0)
/home/user1/greenresearch/samim/HITL/code/make_plots.py:63: Pandas4Warning: Starting with pandas version 4.0 all arguments of mean will be keyword-only.
  mean, std = piv.mean(1), piv.std(1).fillna(0)
/home/user1/greenresearch/samim/HITL/code/make_plots.py:63: Pandas4Warning: Starting with pandas version 4.0 all arguments of std will be keyword-only.
  mean, std = piv.mean(1), piv.std(1).fillna(0)
/home/user1/greenresearch/samim/HITL/code/make_plots.py:63: Pandas4Warning: Starting with pandas version 4.0 all arguments of mean will be keyword-only.
  mean, std = piv.mean(1), piv.std(1).fillna(0)
/home/user1/greenresearch/samim/HITL/code/make_plots.py:63: Pandas4Warning: Starting with pandas version 4.0 all arguments of std will be keyword-only.
  mean, std = piv.mean(1), piv.std(1).fillna(0)
/home/user1/greenresearch/samim/HITL/code/make_plots.py:63: Pandas4Warning: Starting with pandas version 4.0 all arguments of mean will be keyword-only.
  mean, std = piv.mean(1), piv.std(1).fillna(0)
/home/user1/greenresearch/samim/HITL/code/make_plots.py:63: Pandas4Warning: Starting with pandas version 4.0 all arguments of std will be keyword-only.
  mean, std = piv.mean(1), piv.std(1).fillna(0)
/home/user1/greenresearch/samim/HITL/code/make_plots.py:142: Pandas4Warning: Starting with pandas version 4.0 all arguments of mean will be keyword-only.
  ax.plot(piv_i.index, piv_i.mean(1), "o-", color="#d32f2f",
/home/user1/greenresearch/samim/HITL/code/make_plots.py:144: Pandas4Warning: Starting with pandas version 4.0 all arguments of mean will be keyword-only.
  ax.plot(piv_e.index, piv_e.mean(1), "s--", color="#1976d2",
wrote /home/user1/greenresearch/samim/HITL/results/curves_cifar10_noise0.0.png
wrote /home/user1/greenresearch/samim/HITL/results/curves_fmnist_noise0.0.png
wrote /home/user1/greenresearch/samim/HITL/results/curves_fmnist_noise0.2.png
wrote summary tables
wrote /home/user1/greenresearch/samim/HITL/results/diagnostics_auroc.png
dataset  noise     method  n_seeds  final_acc_mean  final_acc_std  aubc_mean  aubc_std
cifar10    0.0     random        3        0.738633       0.004651   0.609007  0.006873
cifar10    0.0    entropy        3        0.718767       0.025640   0.565337  0.014191
cifar10    0.0       bald        3        0.726833       0.021732   0.592607  0.014223
cifar10    0.0    coreset        2             NaN            NaN        NaN       NaN
 fmnist    0.0     random        3        0.864167       0.003643   0.818380  0.002411
 fmnist    0.0    entropy        3        0.867933       0.006852   0.822770  0.004082
 fmnist    0.0       bald        3        0.878733       0.005055   0.825850  0.007628
 fmnist    0.0    coreset        3        0.834700       0.000990   0.809653  0.007248
 fmnist    0.0       iris        3        0.875067       0.004297   0.826477  0.009391
 fmnist    0.0 iris-nodiv        3        0.863767       0.009882   0.810563  0.010554
 fmnist    0.2     random        3        0.842400       0.003034   0.796797  0.002498
 fmnist    0.2    entropy        3        0.846933       0.004701   0.794210  0.007607
 fmnist    0.2       bald        3        0.821067       0.000694   0.775230  0.000601
 fmnist    0.2    coreset        3        0.815600       0.008747   0.783157  0.004850
 fmnist    0.2       iris        3        0.848733       0.005432   0.800497  0.003624
 fmnist    0.2 iris-norel        3        0.845633       0.007410   0.797500  0.000878
wrote /home/user1/greenresearch/samim/HITL/latex/numbers.tex (72 macros)
Mon Aug 24 12:53:43 AM +06 2026 assembled
/home/user1/greenresearch/samim/HITL/code/make_plots.py:63: Pandas4Warning: Starting with pandas version 4.0 all arguments of mean will be keyword-only.
  mean, std = piv.mean(1), piv.std(1).fillna(0)
/home/user1/greenresearch/samim/HITL/code/make_plots.py:63: Pandas4Warning: Starting with pandas version 4.0 all arguments of std will be keyword-only.
  mean, std = piv.mean(1), piv.std(1).fillna(0)
/home/user1/greenresearch/samim/HITL/code/make_plots.py:63: Pandas4Warning: Starting with pandas version 4.0 all arguments of mean will be keyword-only.
  mean, std = piv.mean(1), piv.std(1).fillna(0)
/home/user1/greenresearch/samim/HITL/code/make_plots.py:63: Pandas4Warning: Starting with pandas version 4.0 all arguments of std will be keyword-only.
  mean, std = piv.mean(1), piv.std(1).fillna(0)
/home/user1/greenresearch/samim/HITL/code/make_plots.py:63: Pandas4Warning: Starting with pandas version 4.0 all arguments of mean will be keyword-only.
  mean, std = piv.mean(1), piv.std(1).fillna(0)
/home/user1/greenresearch/samim/HITL/code/make_plots.py:63: Pandas4Warning: Starting with pandas version 4.0 all arguments of std will be keyword-only.
  mean, std = piv.mean(1), piv.std(1).fillna(0)
/home/user1/greenresearch/samim/HITL/code/make_plots.py:63: Pandas4Warning: Starting with pandas version 4.0 all arguments of mean will be keyword-only.
  mean, std = piv.mean(1), piv.std(1).fillna(0)
/home/user1/greenresearch/samim/HITL/code/make_plots.py:63: Pandas4Warning: Starting with pandas version 4.0 all arguments of std will be keyword-only.
  mean, std = piv.mean(1), piv.std(1).fillna(0)
/home/user1/greenresearch/samim/HITL/code/make_plots.py:63: Pandas4Warning: Starting with pandas version 4.0 all arguments of mean will be keyword-only.
  mean, std = piv.mean(1), piv.std(1).fillna(0)
/home/user1/greenresearch/samim/HITL/code/make_plots.py:63: Pandas4Warning: Starting with pandas version 4.0 all arguments of std will be keyword-only.
  mean, std = piv.mean(1), piv.std(1).fillna(0)
/home/user1/greenresearch/samim/HITL/code/make_plots.py:63: Pandas4Warning: Starting with pandas version 4.0 all arguments of mean will be keyword-only.
  mean, std = piv.mean(1), piv.std(1).fillna(0)
/home/user1/greenresearch/samim/HITL/code/make_plots.py:63: Pandas4Warning: Starting with pandas version 4.0 all arguments of std will be keyword-only.
  mean, std = piv.mean(1), piv.std(1).fillna(0)
/home/user1/greenresearch/samim/HITL/code/make_plots.py:63: Pandas4Warning: Starting with pandas version 4.0 all arguments of mean will be keyword-only.
  mean, std = piv.mean(1), piv.std(1).fillna(0)
/home/user1/greenresearch/samim/HITL/code/make_plots.py:63: Pandas4Warning: Starting with pandas version 4.0 all arguments of std will be keyword-only.
  mean, std = piv.mean(1), piv.std(1).fillna(0)
/home/user1/greenresearch/samim/HITL/code/make_plots.py:63: Pandas4Warning: Starting with pandas version 4.0 all arguments of mean will be keyword-only.
  mean, std = piv.mean(1), piv.std(1).fillna(0)
/home/user1/greenresearch/samim/HITL/code/make_plots.py:63: Pandas4Warning: Starting with pandas version 4.0 all arguments of std will be keyword-only.
  mean, std = piv.mean(1), piv.std(1).fillna(0)
/home/user1/greenresearch/samim/HITL/code/make_plots.py:63: Pandas4Warning: Starting with pandas version 4.0 all arguments of mean will be keyword-only.
  mean, std = piv.mean(1), piv.std(1).fillna(0)
/home/user1/greenresearch/samim/HITL/code/make_plots.py:63: Pandas4Warning: Starting with pandas version 4.0 all arguments of std will be keyword-only.
  mean, std = piv.mean(1), piv.std(1).fillna(0)
/home/user1/greenresearch/samim/HITL/code/make_plots.py:63: Pandas4Warning: Starting with pandas version 4.0 all arguments of mean will be keyword-only.
  mean, std = piv.mean(1), piv.std(1).fillna(0)
/home/user1/greenresearch/samim/HITL/code/make_plots.py:63: Pandas4Warning: Starting with pandas version 4.0 all arguments of std will be keyword-only.
  mean, std = piv.mean(1), piv.std(1).fillna(0)
/home/user1/greenresearch/samim/HITL/code/make_plots.py:63: Pandas4Warning: Starting with pandas version 4.0 all arguments of mean will be keyword-only.
  mean, std = piv.mean(1), piv.std(1).fillna(0)
/home/user1/greenresearch/samim/HITL/code/make_plots.py:63: Pandas4Warning: Starting with pandas version 4.0 all arguments of std will be keyword-only.
  mean, std = piv.mean(1), piv.std(1).fillna(0)
/home/user1/greenresearch/samim/HITL/code/make_plots.py:63: Pandas4Warning: Starting with pandas version 4.0 all arguments of mean will be keyword-only.
  mean, std = piv.mean(1), piv.std(1).fillna(0)
/home/user1/greenresearch/samim/HITL/code/make_plots.py:63: Pandas4Warning: Starting with pandas version 4.0 all arguments of std will be keyword-only.
  mean, std = piv.mean(1), piv.std(1).fillna(0)
/home/user1/greenresearch/samim/HITL/code/make_plots.py:63: Pandas4Warning: Starting with pandas version 4.0 all arguments of mean will be keyword-only.
  mean, std = piv.mean(1), piv.std(1).fillna(0)
/home/user1/greenresearch/samim/HITL/code/make_plots.py:63: Pandas4Warning: Starting with pandas version 4.0 all arguments of std will be keyword-only.
  mean, std = piv.mean(1), piv.std(1).fillna(0)
/home/user1/greenresearch/samim/HITL/code/make_plots.py:63: Pandas4Warning: Starting with pandas version 4.0 all arguments of mean will be keyword-only.
  mean, std = piv.mean(1), piv.std(1).fillna(0)
/home/user1/greenresearch/samim/HITL/code/make_plots.py:63: Pandas4Warning: Starting with pandas version 4.0 all arguments of std will be keyword-only.
  mean, std = piv.mean(1), piv.std(1).fillna(0)
/home/user1/greenresearch/samim/HITL/code/make_plots.py:63: Pandas4Warning: Starting with pandas version 4.0 all arguments of mean will be keyword-only.
  mean, std = piv.mean(1), piv.std(1).fillna(0)
/home/user1/greenresearch/samim/HITL/code/make_plots.py:63: Pandas4Warning: Starting with pandas version 4.0 all arguments of std will be keyword-only.
  mean, std = piv.mean(1), piv.std(1).fillna(0)
/home/user1/greenresearch/samim/HITL/code/make_plots.py:63: Pandas4Warning: Starting with pandas version 4.0 all arguments of mean will be keyword-only.
  mean, std = piv.mean(1), piv.std(1).fillna(0)
/home/user1/greenresearch/samim/HITL/code/make_plots.py:63: Pandas4Warning: Starting with pandas version 4.0 all arguments of std will be keyword-only.
  mean, std = piv.mean(1), piv.std(1).fillna(0)
/home/user1/greenresearch/samim/HITL/code/make_plots.py:63: Pandas4Warning: Starting with pandas version 4.0 all arguments of mean will be keyword-only.
  mean, std = piv.mean(1), piv.std(1).fillna(0)
/home/user1/greenresearch/samim/HITL/code/make_plots.py:63: Pandas4Warning: Starting with pandas version 4.0 all arguments of std will be keyword-only.
  mean, std = piv.mean(1), piv.std(1).fillna(0)
/home/user1/greenresearch/samim/HITL/code/make_plots.py:142: Pandas4Warning: Starting with pandas version 4.0 all arguments of mean will be keyword-only.
  ax.plot(piv_i.index, piv_i.mean(1), "o-", color="#d32f2f",
/home/user1/greenresearch/samim/HITL/code/make_plots.py:144: Pandas4Warning: Starting with pandas version 4.0 all arguments of mean will be keyword-only.
  ax.plot(piv_e.index, piv_e.mean(1), "s--", color="#1976d2",
/home/user1/greenresearch/samim/HITL/code/make_plots.py:142: Pandas4Warning: Starting with pandas version 4.0 all arguments of mean will be keyword-only.
  ax.plot(piv_i.index, piv_i.mean(1), "o-", color="#d32f2f",
/home/user1/greenresearch/samim/HITL/code/make_plots.py:144: Pandas4Warning: Starting with pandas version 4.0 all arguments of mean will be keyword-only.
  ax.plot(piv_e.index, piv_e.mean(1), "s--", color="#1976d2",
wrote /home/user1/greenresearch/samim/HITL/results/curves_cifar10_noise0.0.png
wrote /home/user1/greenresearch/samim/HITL/results/curves_fmnist_noise0.0.png
wrote /home/user1/greenresearch/samim/HITL/results/curves_fmnist_noise0.2.png
wrote summary tables
wrote /home/user1/greenresearch/samim/HITL/results/diagnostics_auroc.png
dataset  noise     method  n_seeds  final_acc_mean  final_acc_std  aubc_mean  aubc_std
cifar10    0.0     random        3        0.738633       0.004651   0.609007  0.006873
cifar10    0.0    entropy        3        0.718767       0.025640   0.565337  0.014191
cifar10    0.0       bald        3        0.726833       0.021732   0.592607  0.014223
cifar10    0.0    coreset        3        0.705467       0.005217   0.586703  0.005343
cifar10    0.0       iris        2             NaN            NaN        NaN       NaN
 fmnist    0.0     random        3        0.864167       0.003643   0.818380  0.002411
 fmnist    0.0    entropy        3        0.867933       0.006852   0.822770  0.004082
 fmnist    0.0       bald        3        0.878733       0.005055   0.825850  0.007628
 fmnist    0.0    coreset        3        0.834700       0.000990   0.809653  0.007248
 fmnist    0.0       iris        3        0.875067       0.004297   0.826477  0.009391
 fmnist    0.0 iris-nodiv        3        0.863767       0.009882   0.810563  0.010554
 fmnist    0.2     random        3        0.842400       0.003034   0.796797  0.002498
 fmnist    0.2    entropy        3        0.846933       0.004701   0.794210  0.007607
 fmnist    0.2       bald        3        0.821067       0.000694   0.775230  0.000601
 fmnist    0.2    coreset        3        0.815600       0.008747   0.783157  0.004850
 fmnist    0.2       iris        3        0.848733       0.005432   0.800497  0.003624
 fmnist    0.2 iris-norel        3        0.845633       0.007410   0.797500  0.000878
wrote /home/user1/greenresearch/samim/HITL/latex/numbers.tex (81 macros)
Mon Aug 24 01:23:45 AM +06 2026 assembled
/home/user1/greenresearch/samim/HITL/code/make_plots.py:63: Pandas4Warning: Starting with pandas version 4.0 all arguments of mean will be keyword-only.
  mean, std = piv.mean(1), piv.std(1).fillna(0)
/home/user1/greenresearch/samim/HITL/code/make_plots.py:63: Pandas4Warning: Starting with pandas version 4.0 all arguments of std will be keyword-only.
  mean, std = piv.mean(1), piv.std(1).fillna(0)
/home/user1/greenresearch/samim/HITL/code/make_plots.py:63: Pandas4Warning: Starting with pandas version 4.0 all arguments of mean will be keyword-only.
  mean, std = piv.mean(1), piv.std(1).fillna(0)
/home/user1/greenresearch/samim/HITL/code/make_plots.py:63: Pandas4Warning: Starting with pandas version 4.0 all arguments of std will be keyword-only.
  mean, std = piv.mean(1), piv.std(1).fillna(0)
/home/user1/greenresearch/samim/HITL/code/make_plots.py:63: Pandas4Warning: Starting with pandas version 4.0 all arguments of mean will be keyword-only.
  mean, std = piv.mean(1), piv.std(1).fillna(0)
/home/user1/greenresearch/samim/HITL/code/make_plots.py:63: Pandas4Warning: Starting with pandas version 4.0 all arguments of std will be keyword-only.
  mean, std = piv.mean(1), piv.std(1).fillna(0)
/home/user1/greenresearch/samim/HITL/code/make_plots.py:63: Pandas4Warning: Starting with pandas version 4.0 all arguments of mean will be keyword-only.
  mean, std = piv.mean(1), piv.std(1).fillna(0)
/home/user1/greenresearch/samim/HITL/code/make_plots.py:63: Pandas4Warning: Starting with pandas version 4.0 all arguments of std will be keyword-only.
  mean, std = piv.mean(1), piv.std(1).fillna(0)
/home/user1/greenresearch/samim/HITL/code/make_plots.py:63: Pandas4Warning: Starting with pandas version 4.0 all arguments of mean will be keyword-only.
  mean, std = piv.mean(1), piv.std(1).fillna(0)
/home/user1/greenresearch/samim/HITL/code/make_plots.py:63: Pandas4Warning: Starting with pandas version 4.0 all arguments of std will be keyword-only.
  mean, std = piv.mean(1), piv.std(1).fillna(0)
/home/user1/greenresearch/samim/HITL/code/make_plots.py:63: Pandas4Warning: Starting with pandas version 4.0 all arguments of mean will be keyword-only.
  mean, std = piv.mean(1), piv.std(1).fillna(0)
/home/user1/greenresearch/samim/HITL/code/make_plots.py:63: Pandas4Warning: Starting with pandas version 4.0 all arguments of std will be keyword-only.
  mean, std = piv.mean(1), piv.std(1).fillna(0)
/home/user1/greenresearch/samim/HITL/code/make_plots.py:63: Pandas4Warning: Starting with pandas version 4.0 all arguments of mean will be keyword-only.
  mean, std = piv.mean(1), piv.std(1).fillna(0)
/home/user1/greenresearch/samim/HITL/code/make_plots.py:63: Pandas4Warning: Starting with pandas version 4.0 all arguments of std will be keyword-only.
  mean, std = piv.mean(1), piv.std(1).fillna(0)
/home/user1/greenresearch/samim/HITL/code/make_plots.py:63: Pandas4Warning: Starting with pandas version 4.0 all arguments of mean will be keyword-only.
  mean, std = piv.mean(1), piv.std(1).fillna(0)
/home/user1/greenresearch/samim/HITL/code/make_plots.py:63: Pandas4Warning: Starting with pandas version 4.0 all arguments of std will be keyword-only.
  mean, std = piv.mean(1), piv.std(1).fillna(0)
/home/user1/greenresearch/samim/HITL/code/make_plots.py:63: Pandas4Warning: Starting with pandas version 4.0 all arguments of mean will be keyword-only.
  mean, std = piv.mean(1), piv.std(1).fillna(0)
/home/user1/greenresearch/samim/HITL/code/make_plots.py:63: Pandas4Warning: Starting with pandas version 4.0 all arguments of std will be keyword-only.
  mean, std = piv.mean(1), piv.std(1).fillna(0)
/home/user1/greenresearch/samim/HITL/code/make_plots.py:63: Pandas4Warning: Starting with pandas version 4.0 all arguments of mean will be keyword-only.
  mean, std = piv.mean(1), piv.std(1).fillna(0)
/home/user1/greenresearch/samim/HITL/code/make_plots.py:63: Pandas4Warning: Starting with pandas version 4.0 all arguments of std will be keyword-only.
  mean, std = piv.mean(1), piv.std(1).fillna(0)
/home/user1/greenresearch/samim/HITL/code/make_plots.py:63: Pandas4Warning: Starting with pandas version 4.0 all arguments of mean will be keyword-only.
  mean, std = piv.mean(1), piv.std(1).fillna(0)
/home/user1/greenresearch/samim/HITL/code/make_plots.py:63: Pandas4Warning: Starting with pandas version 4.0 all arguments of std will be keyword-only.
  mean, std = piv.mean(1), piv.std(1).fillna(0)
/home/user1/greenresearch/samim/HITL/code/make_plots.py:63: Pandas4Warning: Starting with pandas version 4.0 all arguments of mean will be keyword-only.
  mean, std = piv.mean(1), piv.std(1).fillna(0)
/home/user1/greenresearch/samim/HITL/code/make_plots.py:63: Pandas4Warning: Starting with pandas version 4.0 all arguments of std will be keyword-only.
  mean, std = piv.mean(1), piv.std(1).fillna(0)
/home/user1/greenresearch/samim/HITL/code/make_plots.py:63: Pandas4Warning: Starting with pandas version 4.0 all arguments of mean will be keyword-only.
  mean, std = piv.mean(1), piv.std(1).fillna(0)
/home/user1/greenresearch/samim/HITL/code/make_plots.py:63: Pandas4Warning: Starting with pandas version 4.0 all arguments of std will be keyword-only.
  mean, std = piv.mean(1), piv.std(1).fillna(0)
/home/user1/greenresearch/samim/HITL/code/make_plots.py:63: Pandas4Warning: Starting with pandas version 4.0 all arguments of mean will be keyword-only.
  mean, std = piv.mean(1), piv.std(1).fillna(0)
/home/user1/greenresearch/samim/HITL/code/make_plots.py:63: Pandas4Warning: Starting with pandas version 4.0 all arguments of std will be keyword-only.
  mean, std = piv.mean(1), piv.std(1).fillna(0)
/home/user1/greenresearch/samim/HITL/code/make_plots.py:63: Pandas4Warning: Starting with pandas version 4.0 all arguments of mean will be keyword-only.
  mean, std = piv.mean(1), piv.std(1).fillna(0)
/home/user1/greenresearch/samim/HITL/code/make_plots.py:63: Pandas4Warning: Starting with pandas version 4.0 all arguments of std will be keyword-only.
  mean, std = piv.mean(1), piv.std(1).fillna(0)
/home/user1/greenresearch/samim/HITL/code/make_plots.py:63: Pandas4Warning: Starting with pandas version 4.0 all arguments of mean will be keyword-only.
  mean, std = piv.mean(1), piv.std(1).fillna(0)
/home/user1/greenresearch/samim/HITL/code/make_plots.py:63: Pandas4Warning: Starting with pandas version 4.0 all arguments of std will be keyword-only.
  mean, std = piv.mean(1), piv.std(1).fillna(0)
/home/user1/greenresearch/samim/HITL/code/make_plots.py:63: Pandas4Warning: Starting with pandas version 4.0 all arguments of mean will be keyword-only.
  mean, std = piv.mean(1), piv.std(1).fillna(0)
/home/user1/greenresearch/samim/HITL/code/make_plots.py:63: Pandas4Warning: Starting with pandas version 4.0 all arguments of std will be keyword-only.
  mean, std = piv.mean(1), piv.std(1).fillna(0)
/home/user1/greenresearch/samim/HITL/code/make_plots.py:63: Pandas4Warning: Starting with pandas version 4.0 all arguments of mean will be keyword-only.
  mean, std = piv.mean(1), piv.std(1).fillna(0)
/home/user1/greenresearch/samim/HITL/code/make_plots.py:63: Pandas4Warning: Starting with pandas version 4.0 all arguments of std will be keyword-only.
  mean, std = piv.mean(1), piv.std(1).fillna(0)
/home/user1/greenresearch/samim/HITL/code/make_plots.py:142: Pandas4Warning: Starting with pandas version 4.0 all arguments of mean will be keyword-only.
  ax.plot(piv_i.index, piv_i.mean(1), "o-", color="#d32f2f",
/home/user1/greenresearch/samim/HITL/code/make_plots.py:144: Pandas4Warning: Starting with pandas version 4.0 all arguments of mean will be keyword-only.
  ax.plot(piv_e.index, piv_e.mean(1), "s--", color="#1976d2",
/home/user1/greenresearch/samim/HITL/code/make_plots.py:142: Pandas4Warning: Starting with pandas version 4.0 all arguments of mean will be keyword-only.
  ax.plot(piv_i.index, piv_i.mean(1), "o-", color="#d32f2f",
/home/user1/greenresearch/samim/HITL/code/make_plots.py:144: Pandas4Warning: Starting with pandas version 4.0 all arguments of mean will be keyword-only.
  ax.plot(piv_e.index, piv_e.mean(1), "s--", color="#1976d2",
wrote /home/user1/greenresearch/samim/HITL/results/curves_cifar10_noise0.0.png
wrote /home/user1/greenresearch/samim/HITL/results/curves_cifar10_noise0.2.png
wrote /home/user1/greenresearch/samim/HITL/results/curves_fmnist_noise0.0.png
wrote /home/user1/greenresearch/samim/HITL/results/curves_fmnist_noise0.2.png
wrote summary tables
wrote /home/user1/greenresearch/samim/HITL/results/diagnostics_auroc.png
dataset  noise     method  n_seeds  final_acc_mean  final_acc_std  aubc_mean  aubc_std
cifar10    0.0     random        3        0.738633       0.004651   0.609007  0.006873
cifar10    0.0    entropy        3        0.718767       0.025640   0.565337  0.014191
cifar10    0.0       bald        3        0.726833       0.021732   0.592607  0.014223
cifar10    0.0    coreset        3        0.705467       0.005217   0.586703  0.005343
cifar10    0.0       iris        3        0.717433       0.021604   0.562690  0.006647
cifar10    0.2     random        1        0.590400       0.000000   0.506917  0.000000
 fmnist    0.0     random        3        0.864167       0.003643   0.818380  0.002411
 fmnist    0.0    entropy        3        0.867933       0.006852   0.822770  0.004082
 fmnist    0.0       bald        3        0.878733       0.005055   0.825850  0.007628
 fmnist    0.0    coreset        3        0.834700       0.000990   0.809653  0.007248
 fmnist    0.0       iris        3        0.875067       0.004297   0.826477  0.009391
 fmnist    0.0 iris-nodiv        3        0.863767       0.009882   0.810563  0.010554
 fmnist    0.2     random        3        0.842400       0.003034   0.796797  0.002498
 fmnist    0.2    entropy        3        0.846933       0.004701   0.794210  0.007607
 fmnist    0.2       bald        3        0.821067       0.000694   0.775230  0.000601
 fmnist    0.2    coreset        3        0.815600       0.008747   0.783157  0.004850
 fmnist    0.2       iris        3        0.848733       0.005432   0.800497  0.003624
 fmnist    0.2 iris-norel        3        0.845633       0.007410   0.797500  0.000878
wrote /home/user1/greenresearch/samim/HITL/latex/numbers.tex (85 macros)
Mon Aug 24 01:53:48 AM +06 2026 assembled
/home/user1/greenresearch/samim/HITL/code/make_plots.py:63: Pandas4Warning: Starting with pandas version 4.0 all arguments of mean will be keyword-only.
  mean, std = piv.mean(1), piv.std(1).fillna(0)
/home/user1/greenresearch/samim/HITL/code/make_plots.py:63: Pandas4Warning: Starting with pandas version 4.0 all arguments of std will be keyword-only.
  mean, std = piv.mean(1), piv.std(1).fillna(0)
/home/user1/greenresearch/samim/HITL/code/make_plots.py:63: Pandas4Warning: Starting with pandas version 4.0 all arguments of mean will be keyword-only.
  mean, std = piv.mean(1), piv.std(1).fillna(0)
/home/user1/greenresearch/samim/HITL/code/make_plots.py:63: Pandas4Warning: Starting with pandas version 4.0 all arguments of std will be keyword-only.
  mean, std = piv.mean(1), piv.std(1).fillna(0)
/home/user1/greenresearch/samim/HITL/code/make_plots.py:63: Pandas4Warning: Starting with pandas version 4.0 all arguments of mean will be keyword-only.
  mean, std = piv.mean(1), piv.std(1).fillna(0)
/home/user1/greenresearch/samim/HITL/code/make_plots.py:63: Pandas4Warning: Starting with pandas version 4.0 all arguments of std will be keyword-only.
  mean, std = piv.mean(1), piv.std(1).fillna(0)
/home/user1/greenresearch/samim/HITL/code/make_plots.py:63: Pandas4Warning: Starting with pandas version 4.0 all arguments of mean will be keyword-only.
  mean, std = piv.mean(1), piv.std(1).fillna(0)
/home/user1/greenresearch/samim/HITL/code/make_plots.py:63: Pandas4Warning: Starting with pandas version 4.0 all arguments of std will be keyword-only.
  mean, std = piv.mean(1), piv.std(1).fillna(0)
/home/user1/greenresearch/samim/HITL/code/make_plots.py:63: Pandas4Warning: Starting with pandas version 4.0 all arguments of mean will be keyword-only.
  mean, std = piv.mean(1), piv.std(1).fillna(0)
/home/user1/greenresearch/samim/HITL/code/make_plots.py:63: Pandas4Warning: Starting with pandas version 4.0 all arguments of std will be keyword-only.
  mean, std = piv.mean(1), piv.std(1).fillna(0)
/home/user1/greenresearch/samim/HITL/code/make_plots.py:63: Pandas4Warning: Starting with pandas version 4.0 all arguments of mean will be keyword-only.
  mean, std = piv.mean(1), piv.std(1).fillna(0)
/home/user1/greenresearch/samim/HITL/code/make_plots.py:63: Pandas4Warning: Starting with pandas version 4.0 all arguments of std will be keyword-only.
  mean, std = piv.mean(1), piv.std(1).fillna(0)
/home/user1/greenresearch/samim/HITL/code/make_plots.py:63: Pandas4Warning: Starting with pandas version 4.0 all arguments of mean will be keyword-only.
  mean, std = piv.mean(1), piv.std(1).fillna(0)
/home/user1/greenresearch/samim/HITL/code/make_plots.py:63: Pandas4Warning: Starting with pandas version 4.0 all arguments of std will be keyword-only.
  mean, std = piv.mean(1), piv.std(1).fillna(0)
/home/user1/greenresearch/samim/HITL/code/make_plots.py:63: Pandas4Warning: Starting with pandas version 4.0 all arguments of mean will be keyword-only.
  mean, std = piv.mean(1), piv.std(1).fillna(0)
/home/user1/greenresearch/samim/HITL/code/make_plots.py:63: Pandas4Warning: Starting with pandas version 4.0 all arguments of std will be keyword-only.
  mean, std = piv.mean(1), piv.std(1).fillna(0)
/home/user1/greenresearch/samim/HITL/code/make_plots.py:63: Pandas4Warning: Starting with pandas version 4.0 all arguments of mean will be keyword-only.
  mean, std = piv.mean(1), piv.std(1).fillna(0)
/home/user1/greenresearch/samim/HITL/code/make_plots.py:63: Pandas4Warning: Starting with pandas version 4.0 all arguments of std will be keyword-only.
  mean, std = piv.mean(1), piv.std(1).fillna(0)
/home/user1/greenresearch/samim/HITL/code/make_plots.py:63: Pandas4Warning: Starting with pandas version 4.0 all arguments of mean will be keyword-only.
  mean, std = piv.mean(1), piv.std(1).fillna(0)
/home/user1/greenresearch/samim/HITL/code/make_plots.py:63: Pandas4Warning: Starting with pandas version 4.0 all arguments of std will be keyword-only.
  mean, std = piv.mean(1), piv.std(1).fillna(0)
/home/user1/greenresearch/samim/HITL/code/make_plots.py:63: Pandas4Warning: Starting with pandas version 4.0 all arguments of mean will be keyword-only.
  mean, std = piv.mean(1), piv.std(1).fillna(0)
/home/user1/greenresearch/samim/HITL/code/make_plots.py:63: Pandas4Warning: Starting with pandas version 4.0 all arguments of std will be keyword-only.
  mean, std = piv.mean(1), piv.std(1).fillna(0)
/home/user1/greenresearch/samim/HITL/code/make_plots.py:63: Pandas4Warning: Starting with pandas version 4.0 all arguments of mean will be keyword-only.
  mean, std = piv.mean(1), piv.std(1).fillna(0)
/home/user1/greenresearch/samim/HITL/code/make_plots.py:63: Pandas4Warning: Starting with pandas version 4.0 all arguments of std will be keyword-only.
  mean, std = piv.mean(1), piv.std(1).fillna(0)
/home/user1/greenresearch/samim/HITL/code/make_plots.py:63: Pandas4Warning: Starting with pandas version 4.0 all arguments of mean will be keyword-only.
  mean, std = piv.mean(1), piv.std(1).fillna(0)
/home/user1/greenresearch/samim/HITL/code/make_plots.py:63: Pandas4Warning: Starting with pandas version 4.0 all arguments of std will be keyword-only.
  mean, std = piv.mean(1), piv.std(1).fillna(0)
/home/user1/greenresearch/samim/HITL/code/make_plots.py:63: Pandas4Warning: Starting with pandas version 4.0 all arguments of mean will be keyword-only.
  mean, std = piv.mean(1), piv.std(1).fillna(0)
/home/user1/greenresearch/samim/HITL/code/make_plots.py:63: Pandas4Warning: Starting with pandas version 4.0 all arguments of std will be keyword-only.
  mean, std = piv.mean(1), piv.std(1).fillna(0)
/home/user1/greenresearch/samim/HITL/code/make_plots.py:63: Pandas4Warning: Starting with pandas version 4.0 all arguments of mean will be keyword-only.
  mean, std = piv.mean(1), piv.std(1).fillna(0)
/home/user1/greenresearch/samim/HITL/code/make_plots.py:63: Pandas4Warning: Starting with pandas version 4.0 all arguments of std will be keyword-only.
  mean, std = piv.mean(1), piv.std(1).fillna(0)
/home/user1/greenresearch/samim/HITL/code/make_plots.py:63: Pandas4Warning: Starting with pandas version 4.0 all arguments of mean will be keyword-only.
  mean, std = piv.mean(1), piv.std(1).fillna(0)
/home/user1/greenresearch/samim/HITL/code/make_plots.py:63: Pandas4Warning: Starting with pandas version 4.0 all arguments of std will be keyword-only.
  mean, std = piv.mean(1), piv.std(1).fillna(0)
/home/user1/greenresearch/samim/HITL/code/make_plots.py:63: Pandas4Warning: Starting with pandas version 4.0 all arguments of mean will be keyword-only.
  mean, std = piv.mean(1), piv.std(1).fillna(0)
/home/user1/greenresearch/samim/HITL/code/make_plots.py:63: Pandas4Warning: Starting with pandas version 4.0 all arguments of std will be keyword-only.
  mean, std = piv.mean(1), piv.std(1).fillna(0)
/home/user1/greenresearch/samim/HITL/code/make_plots.py:63: Pandas4Warning: Starting with pandas version 4.0 all arguments of mean will be keyword-only.
  mean, std = piv.mean(1), piv.std(1).fillna(0)
/home/user1/greenresearch/samim/HITL/code/make_plots.py:63: Pandas4Warning: Starting with pandas version 4.0 all arguments of std will be keyword-only.
  mean, std = piv.mean(1), piv.std(1).fillna(0)
/home/user1/greenresearch/samim/HITL/code/make_plots.py:63: Pandas4Warning: Starting with pandas version 4.0 all arguments of mean will be keyword-only.
  mean, std = piv.mean(1), piv.std(1).fillna(0)
/home/user1/greenresearch/samim/HITL/code/make_plots.py:63: Pandas4Warning: Starting with pandas version 4.0 all arguments of std will be keyword-only.
  mean, std = piv.mean(1), piv.std(1).fillna(0)
/home/user1/greenresearch/samim/HITL/code/make_plots.py:142: Pandas4Warning: Starting with pandas version 4.0 all arguments of mean will be keyword-only.
  ax.plot(piv_i.index, piv_i.mean(1), "o-", color="#d32f2f",
/home/user1/greenresearch/samim/HITL/code/make_plots.py:144: Pandas4Warning: Starting with pandas version 4.0 all arguments of mean will be keyword-only.
  ax.plot(piv_e.index, piv_e.mean(1), "s--", color="#1976d2",
/home/user1/greenresearch/samim/HITL/code/make_plots.py:142: Pandas4Warning: Starting with pandas version 4.0 all arguments of mean will be keyword-only.
  ax.plot(piv_i.index, piv_i.mean(1), "o-", color="#d32f2f",
/home/user1/greenresearch/samim/HITL/code/make_plots.py:144: Pandas4Warning: Starting with pandas version 4.0 all arguments of mean will be keyword-only.
  ax.plot(piv_e.index, piv_e.mean(1), "s--", color="#1976d2",
wrote /home/user1/greenresearch/samim/HITL/results/curves_cifar10_noise0.0.png
wrote /home/user1/greenresearch/samim/HITL/results/curves_cifar10_noise0.2.png
wrote /home/user1/greenresearch/samim/HITL/results/curves_fmnist_noise0.0.png
wrote /home/user1/greenresearch/samim/HITL/results/curves_fmnist_noise0.2.png
wrote summary tables
wrote /home/user1/greenresearch/samim/HITL/results/diagnostics_auroc.png
dataset  noise     method  n_seeds  final_acc_mean  final_acc_std  aubc_mean  aubc_std
cifar10    0.0     random        3        0.738633       0.004651   0.609007  0.006873
cifar10    0.0    entropy        3        0.718767       0.025640   0.565337  0.014191
cifar10    0.0       bald        3        0.726833       0.021732   0.592607  0.014223
cifar10    0.0    coreset        3        0.705467       0.005217   0.586703  0.005343
cifar10    0.0       iris        3        0.717433       0.021604   0.562690  0.006647
cifar10    0.2     random        3        0.632067       0.010914   0.520393  0.009061
cifar10    0.2    entropy        1        0.537100       0.000000   0.472850  0.000000
 fmnist    0.0     random        3        0.864167       0.003643   0.818380  0.002411
 fmnist    0.0    entropy        3        0.867933       0.006852   0.822770  0.004082
 fmnist    0.0       bald        3        0.878733       0.005055   0.825850  0.007628
 fmnist    0.0    coreset        3        0.834700       0.000990   0.809653  0.007248
 fmnist    0.0       iris        3        0.875067       0.004297   0.826477  0.009391
 fmnist    0.0 iris-nodiv        3        0.863767       0.009882   0.810563  0.010554
 fmnist    0.2     random        3        0.842400       0.003034   0.796797  0.002498
 fmnist    0.2    entropy        3        0.846933       0.004701   0.794210  0.007607
 fmnist    0.2       bald        3        0.821067       0.000694   0.775230  0.000601
 fmnist    0.2    coreset        3        0.815600       0.008747   0.783157  0.004850
 fmnist    0.2       iris        3        0.848733       0.005432   0.800497  0.003624
 fmnist    0.2 iris-norel        3        0.845633       0.007410   0.797500  0.000878
wrote /home/user1/greenresearch/samim/HITL/latex/numbers.tex (89 macros)
Mon Aug 24 02:23:50 AM +06 2026 assembled
/home/user1/greenresearch/samim/HITL/code/make_plots.py:63: Pandas4Warning: Starting with pandas version 4.0 all arguments of mean will be keyword-only.
  mean, std = piv.mean(1), piv.std(1).fillna(0)
/home/user1/greenresearch/samim/HITL/code/make_plots.py:63: Pandas4Warning: Starting with pandas version 4.0 all arguments of std will be keyword-only.
  mean, std = piv.mean(1), piv.std(1).fillna(0)
/home/user1/greenresearch/samim/HITL/code/make_plots.py:63: Pandas4Warning: Starting with pandas version 4.0 all arguments of mean will be keyword-only.
  mean, std = piv.mean(1), piv.std(1).fillna(0)
/home/user1/greenresearch/samim/HITL/code/make_plots.py:63: Pandas4Warning: Starting with pandas version 4.0 all arguments of std will be keyword-only.
  mean, std = piv.mean(1), piv.std(1).fillna(0)
/home/user1/greenresearch/samim/HITL/code/make_plots.py:63: Pandas4Warning: Starting with pandas version 4.0 all arguments of mean will be keyword-only.
  mean, std = piv.mean(1), piv.std(1).fillna(0)
/home/user1/greenresearch/samim/HITL/code/make_plots.py:63: Pandas4Warning: Starting with pandas version 4.0 all arguments of std will be keyword-only.
  mean, std = piv.mean(1), piv.std(1).fillna(0)
/home/user1/greenresearch/samim/HITL/code/make_plots.py:63: Pandas4Warning: Starting with pandas version 4.0 all arguments of mean will be keyword-only.
  mean, std = piv.mean(1), piv.std(1).fillna(0)
/home/user1/greenresearch/samim/HITL/code/make_plots.py:63: Pandas4Warning: Starting with pandas version 4.0 all arguments of std will be keyword-only.
  mean, std = piv.mean(1), piv.std(1).fillna(0)
/home/user1/greenresearch/samim/HITL/code/make_plots.py:63: Pandas4Warning: Starting with pandas version 4.0 all arguments of mean will be keyword-only.
  mean, std = piv.mean(1), piv.std(1).fillna(0)
/home/user1/greenresearch/samim/HITL/code/make_plots.py:63: Pandas4Warning: Starting with pandas version 4.0 all arguments of std will be keyword-only.
  mean, std = piv.mean(1), piv.std(1).fillna(0)
/home/user1/greenresearch/samim/HITL/code/make_plots.py:63: Pandas4Warning: Starting with pandas version 4.0 all arguments of mean will be keyword-only.
  mean, std = piv.mean(1), piv.std(1).fillna(0)
/home/user1/greenresearch/samim/HITL/code/make_plots.py:63: Pandas4Warning: Starting with pandas version 4.0 all arguments of std will be keyword-only.
  mean, std = piv.mean(1), piv.std(1).fillna(0)
/home/user1/greenresearch/samim/HITL/code/make_plots.py:63: Pandas4Warning: Starting with pandas version 4.0 all arguments of mean will be keyword-only.
  mean, std = piv.mean(1), piv.std(1).fillna(0)
/home/user1/greenresearch/samim/HITL/code/make_plots.py:63: Pandas4Warning: Starting with pandas version 4.0 all arguments of std will be keyword-only.
  mean, std = piv.mean(1), piv.std(1).fillna(0)
/home/user1/greenresearch/samim/HITL/code/make_plots.py:63: Pandas4Warning: Starting with pandas version 4.0 all arguments of mean will be keyword-only.
  mean, std = piv.mean(1), piv.std(1).fillna(0)
/home/user1/greenresearch/samim/HITL/code/make_plots.py:63: Pandas4Warning: Starting with pandas version 4.0 all arguments of std will be keyword-only.
  mean, std = piv.mean(1), piv.std(1).fillna(0)
/home/user1/greenresearch/samim/HITL/code/make_plots.py:63: Pandas4Warning: Starting with pandas version 4.0 all arguments of mean will be keyword-only.
  mean, std = piv.mean(1), piv.std(1).fillna(0)
/home/user1/greenresearch/samim/HITL/code/make_plots.py:63: Pandas4Warning: Starting with pandas version 4.0 all arguments of std will be keyword-only.
  mean, std = piv.mean(1), piv.std(1).fillna(0)
/home/user1/greenresearch/samim/HITL/code/make_plots.py:63: Pandas4Warning: Starting with pandas version 4.0 all arguments of mean will be keyword-only.
  mean, std = piv.mean(1), piv.std(1).fillna(0)
/home/user1/greenresearch/samim/HITL/code/make_plots.py:63: Pandas4Warning: Starting with pandas version 4.0 all arguments of std will be keyword-only.
  mean, std = piv.mean(1), piv.std(1).fillna(0)
/home/user1/greenresearch/samim/HITL/code/make_plots.py:63: Pandas4Warning: Starting with pandas version 4.0 all arguments of mean will be keyword-only.
  mean, std = piv.mean(1), piv.std(1).fillna(0)
/home/user1/greenresearch/samim/HITL/code/make_plots.py:63: Pandas4Warning: Starting with pandas version 4.0 all arguments of std will be keyword-only.
  mean, std = piv.mean(1), piv.std(1).fillna(0)
/home/user1/greenresearch/samim/HITL/code/make_plots.py:63: Pandas4Warning: Starting with pandas version 4.0 all arguments of mean will be keyword-only.
  mean, std = piv.mean(1), piv.std(1).fillna(0)
/home/user1/greenresearch/samim/HITL/code/make_plots.py:63: Pandas4Warning: Starting with pandas version 4.0 all arguments of std will be keyword-only.
  mean, std = piv.mean(1), piv.std(1).fillna(0)
/home/user1/greenresearch/samim/HITL/code/make_plots.py:63: Pandas4Warning: Starting with pandas version 4.0 all arguments of mean will be keyword-only.
  mean, std = piv.mean(1), piv.std(1).fillna(0)
/home/user1/greenresearch/samim/HITL/code/make_plots.py:63: Pandas4Warning: Starting with pandas version 4.0 all arguments of std will be keyword-only.
  mean, std = piv.mean(1), piv.std(1).fillna(0)
/home/user1/greenresearch/samim/HITL/code/make_plots.py:63: Pandas4Warning: Starting with pandas version 4.0 all arguments of mean will be keyword-only.
  mean, std = piv.mean(1), piv.std(1).fillna(0)
/home/user1/greenresearch/samim/HITL/code/make_plots.py:63: Pandas4Warning: Starting with pandas version 4.0 all arguments of std will be keyword-only.
  mean, std = piv.mean(1), piv.std(1).fillna(0)
/home/user1/greenresearch/samim/HITL/code/make_plots.py:63: Pandas4Warning: Starting with pandas version 4.0 all arguments of mean will be keyword-only.
  mean, std = piv.mean(1), piv.std(1).fillna(0)
/home/user1/greenresearch/samim/HITL/code/make_plots.py:63: Pandas4Warning: Starting with pandas version 4.0 all arguments of std will be keyword-only.
  mean, std = piv.mean(1), piv.std(1).fillna(0)
/home/user1/greenresearch/samim/HITL/code/make_plots.py:63: Pandas4Warning: Starting with pandas version 4.0 all arguments of mean will be keyword-only.
  mean, std = piv.mean(1), piv.std(1).fillna(0)
/home/user1/greenresearch/samim/HITL/code/make_plots.py:63: Pandas4Warning: Starting with pandas version 4.0 all arguments of std will be keyword-only.
  mean, std = piv.mean(1), piv.std(1).fillna(0)
/home/user1/greenresearch/samim/HITL/code/make_plots.py:63: Pandas4Warning: Starting with pandas version 4.0 all arguments of mean will be keyword-only.
  mean, std = piv.mean(1), piv.std(1).fillna(0)
/home/user1/greenresearch/samim/HITL/code/make_plots.py:63: Pandas4Warning: Starting with pandas version 4.0 all arguments of std will be keyword-only.
  mean, std = piv.mean(1), piv.std(1).fillna(0)
/home/user1/greenresearch/samim/HITL/code/make_plots.py:63: Pandas4Warning: Starting with pandas version 4.0 all arguments of mean will be keyword-only.
  mean, std = piv.mean(1), piv.std(1).fillna(0)
/home/user1/greenresearch/samim/HITL/code/make_plots.py:63: Pandas4Warning: Starting with pandas version 4.0 all arguments of std will be keyword-only.
  mean, std = piv.mean(1), piv.std(1).fillna(0)
/home/user1/greenresearch/samim/HITL/code/make_plots.py:63: Pandas4Warning: Starting with pandas version 4.0 all arguments of mean will be keyword-only.
  mean, std = piv.mean(1), piv.std(1).fillna(0)
/home/user1/greenresearch/samim/HITL/code/make_plots.py:63: Pandas4Warning: Starting with pandas version 4.0 all arguments of std will be keyword-only.
  mean, std = piv.mean(1), piv.std(1).fillna(0)
/home/user1/greenresearch/samim/HITL/code/make_plots.py:142: Pandas4Warning: Starting with pandas version 4.0 all arguments of mean will be keyword-only.
  ax.plot(piv_i.index, piv_i.mean(1), "o-", color="#d32f2f",
/home/user1/greenresearch/samim/HITL/code/make_plots.py:144: Pandas4Warning: Starting with pandas version 4.0 all arguments of mean will be keyword-only.
  ax.plot(piv_e.index, piv_e.mean(1), "s--", color="#1976d2",
/home/user1/greenresearch/samim/HITL/code/make_plots.py:142: Pandas4Warning: Starting with pandas version 4.0 all arguments of mean will be keyword-only.
  ax.plot(piv_i.index, piv_i.mean(1), "o-", color="#d32f2f",
/home/user1/greenresearch/samim/HITL/code/make_plots.py:144: Pandas4Warning: Starting with pandas version 4.0 all arguments of mean will be keyword-only.
  ax.plot(piv_e.index, piv_e.mean(1), "s--", color="#1976d2",
wrote /home/user1/greenresearch/samim/HITL/results/curves_cifar10_noise0.0.png
wrote /home/user1/greenresearch/samim/HITL/results/curves_cifar10_noise0.2.png
wrote /home/user1/greenresearch/samim/HITL/results/curves_fmnist_noise0.0.png
wrote /home/user1/greenresearch/samim/HITL/results/curves_fmnist_noise0.2.png
wrote summary tables
wrote /home/user1/greenresearch/samim/HITL/results/diagnostics_auroc.png
dataset  noise     method  n_seeds  final_acc_mean  final_acc_std  aubc_mean  aubc_std
cifar10    0.0     random        3        0.738633       0.004651   0.609007  0.006873
cifar10    0.0    entropy        3        0.718767       0.025640   0.565337  0.014191
cifar10    0.0       bald        3        0.726833       0.021732   0.592607  0.014223
cifar10    0.0    coreset        3        0.705467       0.005217   0.586703  0.005343
cifar10    0.0       iris        3        0.717433       0.021604   0.562690  0.006647
cifar10    0.2     random        3        0.632067       0.010914   0.520393  0.009061
cifar10    0.2    entropy        2        0.629350       0.013550   0.487610  0.000760
 fmnist    0.0     random        3        0.864167       0.003643   0.818380  0.002411
 fmnist    0.0    entropy        3        0.867933       0.006852   0.822770  0.004082
 fmnist    0.0       bald        3        0.878733       0.005055   0.825850  0.007628
 fmnist    0.0    coreset        3        0.834700       0.000990   0.809653  0.007248
 fmnist    0.0       iris        3        0.875067       0.004297   0.826477  0.009391
 fmnist    0.0 iris-nodiv        3        0.863767       0.009882   0.810563  0.010554
 fmnist    0.2     random        3        0.842400       0.003034   0.796797  0.002498
 fmnist    0.2    entropy        3        0.846933       0.004701   0.794210  0.007607
 fmnist    0.2       bald        3        0.821067       0.000694   0.775230  0.000601
 fmnist    0.2    coreset        3        0.815600       0.008747   0.783157  0.004850
 fmnist    0.2       iris        3        0.848733       0.005432   0.800497  0.003624
 fmnist    0.2 iris-norel        3        0.845633       0.007410   0.797500  0.000878
wrote /home/user1/greenresearch/samim/HITL/latex/numbers.tex (89 macros)
Mon Aug 24 02:53:52 AM +06 2026 assembled
/home/user1/greenresearch/samim/HITL/code/make_plots.py:63: Pandas4Warning: Starting with pandas version 4.0 all arguments of mean will be keyword-only.
  mean, std = piv.mean(1), piv.std(1).fillna(0)
/home/user1/greenresearch/samim/HITL/code/make_plots.py:63: Pandas4Warning: Starting with pandas version 4.0 all arguments of std will be keyword-only.
  mean, std = piv.mean(1), piv.std(1).fillna(0)
/home/user1/greenresearch/samim/HITL/code/make_plots.py:63: Pandas4Warning: Starting with pandas version 4.0 all arguments of mean will be keyword-only.
  mean, std = piv.mean(1), piv.std(1).fillna(0)
/home/user1/greenresearch/samim/HITL/code/make_plots.py:63: Pandas4Warning: Starting with pandas version 4.0 all arguments of std will be keyword-only.
  mean, std = piv.mean(1), piv.std(1).fillna(0)
/home/user1/greenresearch/samim/HITL/code/make_plots.py:63: Pandas4Warning: Starting with pandas version 4.0 all arguments of mean will be keyword-only.
  mean, std = piv.mean(1), piv.std(1).fillna(0)
/home/user1/greenresearch/samim/HITL/code/make_plots.py:63: Pandas4Warning: Starting with pandas version 4.0 all arguments of std will be keyword-only.
  mean, std = piv.mean(1), piv.std(1).fillna(0)
/home/user1/greenresearch/samim/HITL/code/make_plots.py:63: Pandas4Warning: Starting with pandas version 4.0 all arguments of mean will be keyword-only.
  mean, std = piv.mean(1), piv.std(1).fillna(0)
/home/user1/greenresearch/samim/HITL/code/make_plots.py:63: Pandas4Warning: Starting with pandas version 4.0 all arguments of std will be keyword-only.
  mean, std = piv.mean(1), piv.std(1).fillna(0)
/home/user1/greenresearch/samim/HITL/code/make_plots.py:63: Pandas4Warning: Starting with pandas version 4.0 all arguments of mean will be keyword-only.
  mean, std = piv.mean(1), piv.std(1).fillna(0)
/home/user1/greenresearch/samim/HITL/code/make_plots.py:63: Pandas4Warning: Starting with pandas version 4.0 all arguments of std will be keyword-only.
  mean, std = piv.mean(1), piv.std(1).fillna(0)
/home/user1/greenresearch/samim/HITL/code/make_plots.py:63: Pandas4Warning: Starting with pandas version 4.0 all arguments of mean will be keyword-only.
  mean, std = piv.mean(1), piv.std(1).fillna(0)
/home/user1/greenresearch/samim/HITL/code/make_plots.py:63: Pandas4Warning: Starting with pandas version 4.0 all arguments of std will be keyword-only.
  mean, std = piv.mean(1), piv.std(1).fillna(0)
/home/user1/greenresearch/samim/HITL/code/make_plots.py:63: Pandas4Warning: Starting with pandas version 4.0 all arguments of mean will be keyword-only.
  mean, std = piv.mean(1), piv.std(1).fillna(0)
/home/user1/greenresearch/samim/HITL/code/make_plots.py:63: Pandas4Warning: Starting with pandas version 4.0 all arguments of std will be keyword-only.
  mean, std = piv.mean(1), piv.std(1).fillna(0)
/home/user1/greenresearch/samim/HITL/code/make_plots.py:63: Pandas4Warning: Starting with pandas version 4.0 all arguments of mean will be keyword-only.
  mean, std = piv.mean(1), piv.std(1).fillna(0)
/home/user1/greenresearch/samim/HITL/code/make_plots.py:63: Pandas4Warning: Starting with pandas version 4.0 all arguments of std will be keyword-only.
  mean, std = piv.mean(1), piv.std(1).fillna(0)
/home/user1/greenresearch/samim/HITL/code/make_plots.py:63: Pandas4Warning: Starting with pandas version 4.0 all arguments of mean will be keyword-only.
  mean, std = piv.mean(1), piv.std(1).fillna(0)
/home/user1/greenresearch/samim/HITL/code/make_plots.py:63: Pandas4Warning: Starting with pandas version 4.0 all arguments of std will be keyword-only.
  mean, std = piv.mean(1), piv.std(1).fillna(0)
/home/user1/greenresearch/samim/HITL/code/make_plots.py:63: Pandas4Warning: Starting with pandas version 4.0 all arguments of mean will be keyword-only.
  mean, std = piv.mean(1), piv.std(1).fillna(0)
/home/user1/greenresearch/samim/HITL/code/make_plots.py:63: Pandas4Warning: Starting with pandas version 4.0 all arguments of std will be keyword-only.
  mean, std = piv.mean(1), piv.std(1).fillna(0)
/home/user1/greenresearch/samim/HITL/code/make_plots.py:63: Pandas4Warning: Starting with pandas version 4.0 all arguments of mean will be keyword-only.
  mean, std = piv.mean(1), piv.std(1).fillna(0)
/home/user1/greenresearch/samim/HITL/code/make_plots.py:63: Pandas4Warning: Starting with pandas version 4.0 all arguments of std will be keyword-only.
  mean, std = piv.mean(1), piv.std(1).fillna(0)
/home/user1/greenresearch/samim/HITL/code/make_plots.py:63: Pandas4Warning: Starting with pandas version 4.0 all arguments of mean will be keyword-only.
  mean, std = piv.mean(1), piv.std(1).fillna(0)
/home/user1/greenresearch/samim/HITL/code/make_plots.py:63: Pandas4Warning: Starting with pandas version 4.0 all arguments of std will be keyword-only.
  mean, std = piv.mean(1), piv.std(1).fillna(0)
/home/user1/greenresearch/samim/HITL/code/make_plots.py:63: Pandas4Warning: Starting with pandas version 4.0 all arguments of mean will be keyword-only.
  mean, std = piv.mean(1), piv.std(1).fillna(0)
/home/user1/greenresearch/samim/HITL/code/make_plots.py:63: Pandas4Warning: Starting with pandas version 4.0 all arguments of std will be keyword-only.
  mean, std = piv.mean(1), piv.std(1).fillna(0)
/home/user1/greenresearch/samim/HITL/code/make_plots.py:63: Pandas4Warning: Starting with pandas version 4.0 all arguments of mean will be keyword-only.
  mean, std = piv.mean(1), piv.std(1).fillna(0)
/home/user1/greenresearch/samim/HITL/code/make_plots.py:63: Pandas4Warning: Starting with pandas version 4.0 all arguments of std will be keyword-only.
  mean, std = piv.mean(1), piv.std(1).fillna(0)
/home/user1/greenresearch/samim/HITL/code/make_plots.py:63: Pandas4Warning: Starting with pandas version 4.0 all arguments of mean will be keyword-only.
  mean, std = piv.mean(1), piv.std(1).fillna(0)
/home/user1/greenresearch/samim/HITL/code/make_plots.py:63: Pandas4Warning: Starting with pandas version 4.0 all arguments of std will be keyword-only.
  mean, std = piv.mean(1), piv.std(1).fillna(0)
/home/user1/greenresearch/samim/HITL/code/make_plots.py:63: Pandas4Warning: Starting with pandas version 4.0 all arguments of mean will be keyword-only.
  mean, std = piv.mean(1), piv.std(1).fillna(0)
/home/user1/greenresearch/samim/HITL/code/make_plots.py:63: Pandas4Warning: Starting with pandas version 4.0 all arguments of std will be keyword-only.
  mean, std = piv.mean(1), piv.std(1).fillna(0)
/home/user1/greenresearch/samim/HITL/code/make_plots.py:63: Pandas4Warning: Starting with pandas version 4.0 all arguments of mean will be keyword-only.
  mean, std = piv.mean(1), piv.std(1).fillna(0)
/home/user1/greenresearch/samim/HITL/code/make_plots.py:63: Pandas4Warning: Starting with pandas version 4.0 all arguments of std will be keyword-only.
  mean, std = piv.mean(1), piv.std(1).fillna(0)
/home/user1/greenresearch/samim/HITL/code/make_plots.py:63: Pandas4Warning: Starting with pandas version 4.0 all arguments of mean will be keyword-only.
  mean, std = piv.mean(1), piv.std(1).fillna(0)
/home/user1/greenresearch/samim/HITL/code/make_plots.py:63: Pandas4Warning: Starting with pandas version 4.0 all arguments of std will be keyword-only.
  mean, std = piv.mean(1), piv.std(1).fillna(0)
/home/user1/greenresearch/samim/HITL/code/make_plots.py:63: Pandas4Warning: Starting with pandas version 4.0 all arguments of mean will be keyword-only.
  mean, std = piv.mean(1), piv.std(1).fillna(0)
/home/user1/greenresearch/samim/HITL/code/make_plots.py:63: Pandas4Warning: Starting with pandas version 4.0 all arguments of std will be keyword-only.
  mean, std = piv.mean(1), piv.std(1).fillna(0)
/home/user1/greenresearch/samim/HITL/code/make_plots.py:63: Pandas4Warning: Starting with pandas version 4.0 all arguments of mean will be keyword-only.
  mean, std = piv.mean(1), piv.std(1).fillna(0)
/home/user1/greenresearch/samim/HITL/code/make_plots.py:63: Pandas4Warning: Starting with pandas version 4.0 all arguments of std will be keyword-only.
  mean, std = piv.mean(1), piv.std(1).fillna(0)
/home/user1/greenresearch/samim/HITL/code/make_plots.py:142: Pandas4Warning: Starting with pandas version 4.0 all arguments of mean will be keyword-only.
  ax.plot(piv_i.index, piv_i.mean(1), "o-", color="#d32f2f",
/home/user1/greenresearch/samim/HITL/code/make_plots.py:144: Pandas4Warning: Starting with pandas version 4.0 all arguments of mean will be keyword-only.
  ax.plot(piv_e.index, piv_e.mean(1), "s--", color="#1976d2",
/home/user1/greenresearch/samim/HITL/code/make_plots.py:142: Pandas4Warning: Starting with pandas version 4.0 all arguments of mean will be keyword-only.
  ax.plot(piv_i.index, piv_i.mean(1), "o-", color="#d32f2f",
/home/user1/greenresearch/samim/HITL/code/make_plots.py:144: Pandas4Warning: Starting with pandas version 4.0 all arguments of mean will be keyword-only.
  ax.plot(piv_e.index, piv_e.mean(1), "s--", color="#1976d2",
wrote /home/user1/greenresearch/samim/HITL/results/curves_cifar10_noise0.0.png
wrote /home/user1/greenresearch/samim/HITL/results/curves_cifar10_noise0.2.png
wrote /home/user1/greenresearch/samim/HITL/results/curves_fmnist_noise0.0.png
wrote /home/user1/greenresearch/samim/HITL/results/curves_fmnist_noise0.2.png
wrote summary tables
wrote /home/user1/greenresearch/samim/HITL/results/diagnostics_auroc.png
dataset  noise     method  n_seeds  final_acc_mean  final_acc_std  aubc_mean  aubc_std
cifar10    0.0     random        3        0.738633       0.004651   0.609007  0.006873
cifar10    0.0    entropy        3        0.718767       0.025640   0.565337  0.014191
cifar10    0.0       bald        3        0.726833       0.021732   0.592607  0.014223
cifar10    0.0    coreset        3        0.705467       0.005217   0.586703  0.005343
cifar10    0.0       iris        3        0.717433       0.021604   0.562690  0.006647
cifar10    0.2     random        3        0.632067       0.010914   0.520393  0.009061
cifar10    0.2    entropy        3        0.612867       0.025803   0.487907  0.000749
cifar10    0.2       bald        1        0.436000       0.000000   0.418100  0.000000
 fmnist    0.0     random        3        0.864167       0.003643   0.818380  0.002411
 fmnist    0.0    entropy        3        0.867933       0.006852   0.822770  0.004082
 fmnist    0.0       bald        3        0.878733       0.005055   0.825850  0.007628
 fmnist    0.0    coreset        3        0.834700       0.000990   0.809653  0.007248
 fmnist    0.0       iris        3        0.875067       0.004297   0.826477  0.009391
 fmnist    0.0 iris-nodiv        3        0.863767       0.009882   0.810563  0.010554
 fmnist    0.2     random        3        0.842400       0.003034   0.796797  0.002498
 fmnist    0.2    entropy        3        0.846933       0.004701   0.794210  0.007607
 fmnist    0.2       bald        3        0.821067       0.000694   0.775230  0.000601
 fmnist    0.2    coreset        3        0.815600       0.008747   0.783157  0.004850
 fmnist    0.2       iris        3        0.848733       0.005432   0.800497  0.003624
 fmnist    0.2 iris-norel        3        0.845633       0.007410   0.797500  0.000878
wrote /home/user1/greenresearch/samim/HITL/latex/numbers.tex (93 macros)
Mon Aug 24 03:23:54 AM +06 2026 assembled
/home/user1/greenresearch/samim/HITL/code/make_plots.py:63: Pandas4Warning: Starting with pandas version 4.0 all arguments of mean will be keyword-only.
  mean, std = piv.mean(1), piv.std(1).fillna(0)
/home/user1/greenresearch/samim/HITL/code/make_plots.py:63: Pandas4Warning: Starting with pandas version 4.0 all arguments of std will be keyword-only.
  mean, std = piv.mean(1), piv.std(1).fillna(0)
/home/user1/greenresearch/samim/HITL/code/make_plots.py:63: Pandas4Warning: Starting with pandas version 4.0 all arguments of mean will be keyword-only.
  mean, std = piv.mean(1), piv.std(1).fillna(0)
/home/user1/greenresearch/samim/HITL/code/make_plots.py:63: Pandas4Warning: Starting with pandas version 4.0 all arguments of std will be keyword-only.
  mean, std = piv.mean(1), piv.std(1).fillna(0)
/home/user1/greenresearch/samim/HITL/code/make_plots.py:63: Pandas4Warning: Starting with pandas version 4.0 all arguments of mean will be keyword-only.
  mean, std = piv.mean(1), piv.std(1).fillna(0)
/home/user1/greenresearch/samim/HITL/code/make_plots.py:63: Pandas4Warning: Starting with pandas version 4.0 all arguments of std will be keyword-only.
  mean, std = piv.mean(1), piv.std(1).fillna(0)
/home/user1/greenresearch/samim/HITL/code/make_plots.py:63: Pandas4Warning: Starting with pandas version 4.0 all arguments of mean will be keyword-only.
  mean, std = piv.mean(1), piv.std(1).fillna(0)
/home/user1/greenresearch/samim/HITL/code/make_plots.py:63: Pandas4Warning: Starting with pandas version 4.0 all arguments of std will be keyword-only.
  mean, std = piv.mean(1), piv.std(1).fillna(0)
/home/user1/greenresearch/samim/HITL/code/make_plots.py:63: Pandas4Warning: Starting with pandas version 4.0 all arguments of mean will be keyword-only.
  mean, std = piv.mean(1), piv.std(1).fillna(0)
/home/user1/greenresearch/samim/HITL/code/make_plots.py:63: Pandas4Warning: Starting with pandas version 4.0 all arguments of std will be keyword-only.
  mean, std = piv.mean(1), piv.std(1).fillna(0)
/home/user1/greenresearch/samim/HITL/code/make_plots.py:63: Pandas4Warning: Starting with pandas version 4.0 all arguments of mean will be keyword-only.
  mean, std = piv.mean(1), piv.std(1).fillna(0)
/home/user1/greenresearch/samim/HITL/code/make_plots.py:63: Pandas4Warning: Starting with pandas version 4.0 all arguments of std will be keyword-only.
  mean, std = piv.mean(1), piv.std(1).fillna(0)
/home/user1/greenresearch/samim/HITL/code/make_plots.py:63: Pandas4Warning: Starting with pandas version 4.0 all arguments of mean will be keyword-only.
  mean, std = piv.mean(1), piv.std(1).fillna(0)
/home/user1/greenresearch/samim/HITL/code/make_plots.py:63: Pandas4Warning: Starting with pandas version 4.0 all arguments of std will be keyword-only.
  mean, std = piv.mean(1), piv.std(1).fillna(0)
/home/user1/greenresearch/samim/HITL/code/make_plots.py:63: Pandas4Warning: Starting with pandas version 4.0 all arguments of mean will be keyword-only.
  mean, std = piv.mean(1), piv.std(1).fillna(0)
/home/user1/greenresearch/samim/HITL/code/make_plots.py:63: Pandas4Warning: Starting with pandas version 4.0 all arguments of std will be keyword-only.
  mean, std = piv.mean(1), piv.std(1).fillna(0)
/home/user1/greenresearch/samim/HITL/code/make_plots.py:63: Pandas4Warning: Starting with pandas version 4.0 all arguments of mean will be keyword-only.
  mean, std = piv.mean(1), piv.std(1).fillna(0)
/home/user1/greenresearch/samim/HITL/code/make_plots.py:63: Pandas4Warning: Starting with pandas version 4.0 all arguments of std will be keyword-only.
  mean, std = piv.mean(1), piv.std(1).fillna(0)
/home/user1/greenresearch/samim/HITL/code/make_plots.py:63: Pandas4Warning: Starting with pandas version 4.0 all arguments of mean will be keyword-only.
  mean, std = piv.mean(1), piv.std(1).fillna(0)
/home/user1/greenresearch/samim/HITL/code/make_plots.py:63: Pandas4Warning: Starting with pandas version 4.0 all arguments of std will be keyword-only.
  mean, std = piv.mean(1), piv.std(1).fillna(0)
/home/user1/greenresearch/samim/HITL/code/make_plots.py:63: Pandas4Warning: Starting with pandas version 4.0 all arguments of mean will be keyword-only.
  mean, std = piv.mean(1), piv.std(1).fillna(0)
/home/user1/greenresearch/samim/HITL/code/make_plots.py:63: Pandas4Warning: Starting with pandas version 4.0 all arguments of std will be keyword-only.
  mean, std = piv.mean(1), piv.std(1).fillna(0)
/home/user1/greenresearch/samim/HITL/code/make_plots.py:63: Pandas4Warning: Starting with pandas version 4.0 all arguments of mean will be keyword-only.
  mean, std = piv.mean(1), piv.std(1).fillna(0)
/home/user1/greenresearch/samim/HITL/code/make_plots.py:63: Pandas4Warning: Starting with pandas version 4.0 all arguments of std will be keyword-only.
  mean, std = piv.mean(1), piv.std(1).fillna(0)
/home/user1/greenresearch/samim/HITL/code/make_plots.py:63: Pandas4Warning: Starting with pandas version 4.0 all arguments of mean will be keyword-only.
  mean, std = piv.mean(1), piv.std(1).fillna(0)
/home/user1/greenresearch/samim/HITL/code/make_plots.py:63: Pandas4Warning: Starting with pandas version 4.0 all arguments of std will be keyword-only.
  mean, std = piv.mean(1), piv.std(1).fillna(0)
/home/user1/greenresearch/samim/HITL/code/make_plots.py:63: Pandas4Warning: Starting with pandas version 4.0 all arguments of mean will be keyword-only.
  mean, std = piv.mean(1), piv.std(1).fillna(0)
/home/user1/greenresearch/samim/HITL/code/make_plots.py:63: Pandas4Warning: Starting with pandas version 4.0 all arguments of std will be keyword-only.
  mean, std = piv.mean(1), piv.std(1).fillna(0)
/home/user1/greenresearch/samim/HITL/code/make_plots.py:63: Pandas4Warning: Starting with pandas version 4.0 all arguments of mean will be keyword-only.
  mean, std = piv.mean(1), piv.std(1).fillna(0)
/home/user1/greenresearch/samim/HITL/code/make_plots.py:63: Pandas4Warning: Starting with pandas version 4.0 all arguments of std will be keyword-only.
  mean, std = piv.mean(1), piv.std(1).fillna(0)
/home/user1/greenresearch/samim/HITL/code/make_plots.py:63: Pandas4Warning: Starting with pandas version 4.0 all arguments of mean will be keyword-only.
  mean, std = piv.mean(1), piv.std(1).fillna(0)
/home/user1/greenresearch/samim/HITL/code/make_plots.py:63: Pandas4Warning: Starting with pandas version 4.0 all arguments of std will be keyword-only.
  mean, std = piv.mean(1), piv.std(1).fillna(0)
/home/user1/greenresearch/samim/HITL/code/make_plots.py:63: Pandas4Warning: Starting with pandas version 4.0 all arguments of mean will be keyword-only.
  mean, std = piv.mean(1), piv.std(1).fillna(0)
/home/user1/greenresearch/samim/HITL/code/make_plots.py:63: Pandas4Warning: Starting with pandas version 4.0 all arguments of std will be keyword-only.
  mean, std = piv.mean(1), piv.std(1).fillna(0)
/home/user1/greenresearch/samim/HITL/code/make_plots.py:63: Pandas4Warning: Starting with pandas version 4.0 all arguments of mean will be keyword-only.
  mean, std = piv.mean(1), piv.std(1).fillna(0)
/home/user1/greenresearch/samim/HITL/code/make_plots.py:63: Pandas4Warning: Starting with pandas version 4.0 all arguments of std will be keyword-only.
  mean, std = piv.mean(1), piv.std(1).fillna(0)
/home/user1/greenresearch/samim/HITL/code/make_plots.py:63: Pandas4Warning: Starting with pandas version 4.0 all arguments of mean will be keyword-only.
  mean, std = piv.mean(1), piv.std(1).fillna(0)
/home/user1/greenresearch/samim/HITL/code/make_plots.py:63: Pandas4Warning: Starting with pandas version 4.0 all arguments of std will be keyword-only.
  mean, std = piv.mean(1), piv.std(1).fillna(0)
/home/user1/greenresearch/samim/HITL/code/make_plots.py:63: Pandas4Warning: Starting with pandas version 4.0 all arguments of mean will be keyword-only.
  mean, std = piv.mean(1), piv.std(1).fillna(0)
/home/user1/greenresearch/samim/HITL/code/make_plots.py:63: Pandas4Warning: Starting with pandas version 4.0 all arguments of std will be keyword-only.
  mean, std = piv.mean(1), piv.std(1).fillna(0)
/home/user1/greenresearch/samim/HITL/code/make_plots.py:142: Pandas4Warning: Starting with pandas version 4.0 all arguments of mean will be keyword-only.
  ax.plot(piv_i.index, piv_i.mean(1), "o-", color="#d32f2f",
/home/user1/greenresearch/samim/HITL/code/make_plots.py:144: Pandas4Warning: Starting with pandas version 4.0 all arguments of mean will be keyword-only.
  ax.plot(piv_e.index, piv_e.mean(1), "s--", color="#1976d2",
/home/user1/greenresearch/samim/HITL/code/make_plots.py:142: Pandas4Warning: Starting with pandas version 4.0 all arguments of mean will be keyword-only.
  ax.plot(piv_i.index, piv_i.mean(1), "o-", color="#d32f2f",
/home/user1/greenresearch/samim/HITL/code/make_plots.py:144: Pandas4Warning: Starting with pandas version 4.0 all arguments of mean will be keyword-only.
  ax.plot(piv_e.index, piv_e.mean(1), "s--", color="#1976d2",
wrote /home/user1/greenresearch/samim/HITL/results/curves_cifar10_noise0.0.png
wrote /home/user1/greenresearch/samim/HITL/results/curves_cifar10_noise0.2.png
wrote /home/user1/greenresearch/samim/HITL/results/curves_fmnist_noise0.0.png
wrote /home/user1/greenresearch/samim/HITL/results/curves_fmnist_noise0.2.png
wrote summary tables
wrote /home/user1/greenresearch/samim/HITL/results/diagnostics_auroc.png
dataset  noise     method  n_seeds  final_acc_mean  final_acc_std  aubc_mean  aubc_std
cifar10    0.0     random        3        0.738633       0.004651   0.609007  0.006873
cifar10    0.0    entropy        3        0.718767       0.025640   0.565337  0.014191
cifar10    0.0       bald        3        0.726833       0.021732   0.592607  0.014223
cifar10    0.0    coreset        3        0.705467       0.005217   0.586703  0.005343
cifar10    0.0       iris        3        0.717433       0.021604   0.562690  0.006647
cifar10    0.2     random        3        0.632067       0.010914   0.520393  0.009061
cifar10    0.2    entropy        3        0.612867       0.025803   0.487907  0.000749
cifar10    0.2       bald        3             NaN            NaN        NaN       NaN
 fmnist    0.0     random        3        0.864167       0.003643   0.818380  0.002411
 fmnist    0.0    entropy        3        0.867933       0.006852   0.822770  0.004082
 fmnist    0.0       bald        3        0.878733       0.005055   0.825850  0.007628
 fmnist    0.0    coreset        3        0.834700       0.000990   0.809653  0.007248
 fmnist    0.0       iris        3        0.875067       0.004297   0.826477  0.009391
 fmnist    0.0 iris-nodiv        3        0.863767       0.009882   0.810563  0.010554
 fmnist    0.2     random        3        0.842400       0.003034   0.796797  0.002498
 fmnist    0.2    entropy        3        0.846933       0.004701   0.794210  0.007607
 fmnist    0.2       bald        3        0.821067       0.000694   0.775230  0.000601
 fmnist    0.2    coreset        3        0.815600       0.008747   0.783157  0.004850
 fmnist    0.2       iris        3        0.848733       0.005432   0.800497  0.003624
 fmnist    0.2 iris-norel        3        0.845633       0.007410   0.797500  0.000878
wrote /home/user1/greenresearch/samim/HITL/latex/numbers.tex (93 macros)
Mon Aug 24 03:53:57 AM +06 2026 assembled
/home/user1/greenresearch/samim/HITL/code/make_plots.py:63: Pandas4Warning: Starting with pandas version 4.0 all arguments of mean will be keyword-only.
  mean, std = piv.mean(1), piv.std(1).fillna(0)
/home/user1/greenresearch/samim/HITL/code/make_plots.py:63: Pandas4Warning: Starting with pandas version 4.0 all arguments of std will be keyword-only.
  mean, std = piv.mean(1), piv.std(1).fillna(0)
/home/user1/greenresearch/samim/HITL/code/make_plots.py:63: Pandas4Warning: Starting with pandas version 4.0 all arguments of mean will be keyword-only.
  mean, std = piv.mean(1), piv.std(1).fillna(0)
/home/user1/greenresearch/samim/HITL/code/make_plots.py:63: Pandas4Warning: Starting with pandas version 4.0 all arguments of std will be keyword-only.
  mean, std = piv.mean(1), piv.std(1).fillna(0)
/home/user1/greenresearch/samim/HITL/code/make_plots.py:63: Pandas4Warning: Starting with pandas version 4.0 all arguments of mean will be keyword-only.
  mean, std = piv.mean(1), piv.std(1).fillna(0)
/home/user1/greenresearch/samim/HITL/code/make_plots.py:63: Pandas4Warning: Starting with pandas version 4.0 all arguments of std will be keyword-only.
  mean, std = piv.mean(1), piv.std(1).fillna(0)
/home/user1/greenresearch/samim/HITL/code/make_plots.py:63: Pandas4Warning: Starting with pandas version 4.0 all arguments of mean will be keyword-only.
  mean, std = piv.mean(1), piv.std(1).fillna(0)
/home/user1/greenresearch/samim/HITL/code/make_plots.py:63: Pandas4Warning: Starting with pandas version 4.0 all arguments of std will be keyword-only.
  mean, std = piv.mean(1), piv.std(1).fillna(0)
/home/user1/greenresearch/samim/HITL/code/make_plots.py:63: Pandas4Warning: Starting with pandas version 4.0 all arguments of mean will be keyword-only.
  mean, std = piv.mean(1), piv.std(1).fillna(0)
/home/user1/greenresearch/samim/HITL/code/make_plots.py:63: Pandas4Warning: Starting with pandas version 4.0 all arguments of std will be keyword-only.
  mean, std = piv.mean(1), piv.std(1).fillna(0)
/home/user1/greenresearch/samim/HITL/code/make_plots.py:63: Pandas4Warning: Starting with pandas version 4.0 all arguments of mean will be keyword-only.
  mean, std = piv.mean(1), piv.std(1).fillna(0)
/home/user1/greenresearch/samim/HITL/code/make_plots.py:63: Pandas4Warning: Starting with pandas version 4.0 all arguments of std will be keyword-only.
  mean, std = piv.mean(1), piv.std(1).fillna(0)
/home/user1/greenresearch/samim/HITL/code/make_plots.py:63: Pandas4Warning: Starting with pandas version 4.0 all arguments of mean will be keyword-only.
  mean, std = piv.mean(1), piv.std(1).fillna(0)
/home/user1/greenresearch/samim/HITL/code/make_plots.py:63: Pandas4Warning: Starting with pandas version 4.0 all arguments of std will be keyword-only.
  mean, std = piv.mean(1), piv.std(1).fillna(0)
/home/user1/greenresearch/samim/HITL/code/make_plots.py:63: Pandas4Warning: Starting with pandas version 4.0 all arguments of mean will be keyword-only.
  mean, std = piv.mean(1), piv.std(1).fillna(0)
/home/user1/greenresearch/samim/HITL/code/make_plots.py:63: Pandas4Warning: Starting with pandas version 4.0 all arguments of std will be keyword-only.
  mean, std = piv.mean(1), piv.std(1).fillna(0)
/home/user1/greenresearch/samim/HITL/code/make_plots.py:63: Pandas4Warning: Starting with pandas version 4.0 all arguments of mean will be keyword-only.
  mean, std = piv.mean(1), piv.std(1).fillna(0)
/home/user1/greenresearch/samim/HITL/code/make_plots.py:63: Pandas4Warning: Starting with pandas version 4.0 all arguments of std will be keyword-only.
  mean, std = piv.mean(1), piv.std(1).fillna(0)
/home/user1/greenresearch/samim/HITL/code/make_plots.py:63: Pandas4Warning: Starting with pandas version 4.0 all arguments of mean will be keyword-only.
  mean, std = piv.mean(1), piv.std(1).fillna(0)
/home/user1/greenresearch/samim/HITL/code/make_plots.py:63: Pandas4Warning: Starting with pandas version 4.0 all arguments of std will be keyword-only.
  mean, std = piv.mean(1), piv.std(1).fillna(0)
/home/user1/greenresearch/samim/HITL/code/make_plots.py:63: Pandas4Warning: Starting with pandas version 4.0 all arguments of mean will be keyword-only.
  mean, std = piv.mean(1), piv.std(1).fillna(0)
/home/user1/greenresearch/samim/HITL/code/make_plots.py:63: Pandas4Warning: Starting with pandas version 4.0 all arguments of std will be keyword-only.
  mean, std = piv.mean(1), piv.std(1).fillna(0)
/home/user1/greenresearch/samim/HITL/code/make_plots.py:63: Pandas4Warning: Starting with pandas version 4.0 all arguments of mean will be keyword-only.
  mean, std = piv.mean(1), piv.std(1).fillna(0)
/home/user1/greenresearch/samim/HITL/code/make_plots.py:63: Pandas4Warning: Starting with pandas version 4.0 all arguments of std will be keyword-only.
  mean, std = piv.mean(1), piv.std(1).fillna(0)
/home/user1/greenresearch/samim/HITL/code/make_plots.py:63: Pandas4Warning: Starting with pandas version 4.0 all arguments of mean will be keyword-only.
  mean, std = piv.mean(1), piv.std(1).fillna(0)
/home/user1/greenresearch/samim/HITL/code/make_plots.py:63: Pandas4Warning: Starting with pandas version 4.0 all arguments of std will be keyword-only.
  mean, std = piv.mean(1), piv.std(1).fillna(0)
/home/user1/greenresearch/samim/HITL/code/make_plots.py:63: Pandas4Warning: Starting with pandas version 4.0 all arguments of mean will be keyword-only.
  mean, std = piv.mean(1), piv.std(1).fillna(0)
/home/user1/greenresearch/samim/HITL/code/make_plots.py:63: Pandas4Warning: Starting with pandas version 4.0 all arguments of std will be keyword-only.
  mean, std = piv.mean(1), piv.std(1).fillna(0)
/home/user1/greenresearch/samim/HITL/code/make_plots.py:63: Pandas4Warning: Starting with pandas version 4.0 all arguments of mean will be keyword-only.
  mean, std = piv.mean(1), piv.std(1).fillna(0)
/home/user1/greenresearch/samim/HITL/code/make_plots.py:63: Pandas4Warning: Starting with pandas version 4.0 all arguments of std will be keyword-only.
  mean, std = piv.mean(1), piv.std(1).fillna(0)
/home/user1/greenresearch/samim/HITL/code/make_plots.py:63: Pandas4Warning: Starting with pandas version 4.0 all arguments of mean will be keyword-only.
  mean, std = piv.mean(1), piv.std(1).fillna(0)
/home/user1/greenresearch/samim/HITL/code/make_plots.py:63: Pandas4Warning: Starting with pandas version 4.0 all arguments of std will be keyword-only.
  mean, std = piv.mean(1), piv.std(1).fillna(0)
/home/user1/greenresearch/samim/HITL/code/make_plots.py:63: Pandas4Warning: Starting with pandas version 4.0 all arguments of mean will be keyword-only.
  mean, std = piv.mean(1), piv.std(1).fillna(0)
/home/user1/greenresearch/samim/HITL/code/make_plots.py:63: Pandas4Warning: Starting with pandas version 4.0 all arguments of std will be keyword-only.
  mean, std = piv.mean(1), piv.std(1).fillna(0)
/home/user1/greenresearch/samim/HITL/code/make_plots.py:63: Pandas4Warning: Starting with pandas version 4.0 all arguments of mean will be keyword-only.
  mean, std = piv.mean(1), piv.std(1).fillna(0)
/home/user1/greenresearch/samim/HITL/code/make_plots.py:63: Pandas4Warning: Starting with pandas version 4.0 all arguments of std will be keyword-only.
  mean, std = piv.mean(1), piv.std(1).fillna(0)
/home/user1/greenresearch/samim/HITL/code/make_plots.py:63: Pandas4Warning: Starting with pandas version 4.0 all arguments of mean will be keyword-only.
  mean, std = piv.mean(1), piv.std(1).fillna(0)
/home/user1/greenresearch/samim/HITL/code/make_plots.py:63: Pandas4Warning: Starting with pandas version 4.0 all arguments of std will be keyword-only.
  mean, std = piv.mean(1), piv.std(1).fillna(0)
/home/user1/greenresearch/samim/HITL/code/make_plots.py:63: Pandas4Warning: Starting with pandas version 4.0 all arguments of mean will be keyword-only.
  mean, std = piv.mean(1), piv.std(1).fillna(0)
/home/user1/greenresearch/samim/HITL/code/make_plots.py:63: Pandas4Warning: Starting with pandas version 4.0 all arguments of std will be keyword-only.
  mean, std = piv.mean(1), piv.std(1).fillna(0)
/home/user1/greenresearch/samim/HITL/code/make_plots.py:63: Pandas4Warning: Starting with pandas version 4.0 all arguments of mean will be keyword-only.
  mean, std = piv.mean(1), piv.std(1).fillna(0)
/home/user1/greenresearch/samim/HITL/code/make_plots.py:63: Pandas4Warning: Starting with pandas version 4.0 all arguments of std will be keyword-only.
  mean, std = piv.mean(1), piv.std(1).fillna(0)
/home/user1/greenresearch/samim/HITL/code/make_plots.py:142: Pandas4Warning: Starting with pandas version 4.0 all arguments of mean will be keyword-only.
  ax.plot(piv_i.index, piv_i.mean(1), "o-", color="#d32f2f",
/home/user1/greenresearch/samim/HITL/code/make_plots.py:144: Pandas4Warning: Starting with pandas version 4.0 all arguments of mean will be keyword-only.
  ax.plot(piv_e.index, piv_e.mean(1), "s--", color="#1976d2",
/home/user1/greenresearch/samim/HITL/code/make_plots.py:142: Pandas4Warning: Starting with pandas version 4.0 all arguments of mean will be keyword-only.
  ax.plot(piv_i.index, piv_i.mean(1), "o-", color="#d32f2f",
/home/user1/greenresearch/samim/HITL/code/make_plots.py:144: Pandas4Warning: Starting with pandas version 4.0 all arguments of mean will be keyword-only.
  ax.plot(piv_e.index, piv_e.mean(1), "s--", color="#1976d2",
wrote /home/user1/greenresearch/samim/HITL/results/curves_cifar10_noise0.0.png
wrote /home/user1/greenresearch/samim/HITL/results/curves_cifar10_noise0.2.png
wrote /home/user1/greenresearch/samim/HITL/results/curves_fmnist_noise0.0.png
wrote /home/user1/greenresearch/samim/HITL/results/curves_fmnist_noise0.2.png
wrote summary tables
wrote /home/user1/greenresearch/samim/HITL/results/diagnostics_auroc.png
dataset  noise     method  n_seeds  final_acc_mean  final_acc_std  aubc_mean  aubc_std
cifar10    0.0     random        3        0.738633       0.004651   0.609007  0.006873
cifar10    0.0    entropy        3        0.718767       0.025640   0.565337  0.014191
cifar10    0.0       bald        3        0.726833       0.021732   0.592607  0.014223
cifar10    0.0    coreset        3        0.705467       0.005217   0.586703  0.005343
cifar10    0.0       iris        3        0.717433       0.021604   0.562690  0.006647
cifar10    0.2     random        3        0.632067       0.010914   0.520393  0.009061
cifar10    0.2    entropy        3        0.612867       0.025803   0.487907  0.000749
cifar10    0.2       bald        3        0.623200       0.017942   0.497950  0.008172
cifar10    0.2    coreset        1        0.597300       0.000000   0.494010  0.000000
 fmnist    0.0     random        3        0.864167       0.003643   0.818380  0.002411
 fmnist    0.0    entropy        3        0.867933       0.006852   0.822770  0.004082
 fmnist    0.0       bald        3        0.878733       0.005055   0.825850  0.007628
 fmnist    0.0    coreset        3        0.834700       0.000990   0.809653  0.007248
 fmnist    0.0       iris        3        0.875067       0.004297   0.826477  0.009391
 fmnist    0.0 iris-nodiv        3        0.863767       0.009882   0.810563  0.010554
 fmnist    0.2     random        3        0.842400       0.003034   0.796797  0.002498
 fmnist    0.2    entropy        3        0.846933       0.004701   0.794210  0.007607
 fmnist    0.2       bald        3        0.821067       0.000694   0.775230  0.000601
 fmnist    0.2    coreset        3        0.815600       0.008747   0.783157  0.004850
 fmnist    0.2       iris        3        0.848733       0.005432   0.800497  0.003624
 fmnist    0.2 iris-norel        3        0.845633       0.007410   0.797500  0.000878
wrote /home/user1/greenresearch/samim/HITL/latex/numbers.tex (97 macros)
Mon Aug 24 04:23:59 AM +06 2026 assembled
/home/user1/greenresearch/samim/HITL/code/make_plots.py:63: Pandas4Warning: Starting with pandas version 4.0 all arguments of mean will be keyword-only.
  mean, std = piv.mean(1), piv.std(1).fillna(0)
/home/user1/greenresearch/samim/HITL/code/make_plots.py:63: Pandas4Warning: Starting with pandas version 4.0 all arguments of std will be keyword-only.
  mean, std = piv.mean(1), piv.std(1).fillna(0)
/home/user1/greenresearch/samim/HITL/code/make_plots.py:63: Pandas4Warning: Starting with pandas version 4.0 all arguments of mean will be keyword-only.
  mean, std = piv.mean(1), piv.std(1).fillna(0)
/home/user1/greenresearch/samim/HITL/code/make_plots.py:63: Pandas4Warning: Starting with pandas version 4.0 all arguments of std will be keyword-only.
  mean, std = piv.mean(1), piv.std(1).fillna(0)
/home/user1/greenresearch/samim/HITL/code/make_plots.py:63: Pandas4Warning: Starting with pandas version 4.0 all arguments of mean will be keyword-only.
  mean, std = piv.mean(1), piv.std(1).fillna(0)
/home/user1/greenresearch/samim/HITL/code/make_plots.py:63: Pandas4Warning: Starting with pandas version 4.0 all arguments of std will be keyword-only.
  mean, std = piv.mean(1), piv.std(1).fillna(0)
/home/user1/greenresearch/samim/HITL/code/make_plots.py:63: Pandas4Warning: Starting with pandas version 4.0 all arguments of mean will be keyword-only.
  mean, std = piv.mean(1), piv.std(1).fillna(0)
/home/user1/greenresearch/samim/HITL/code/make_plots.py:63: Pandas4Warning: Starting with pandas version 4.0 all arguments of std will be keyword-only.
  mean, std = piv.mean(1), piv.std(1).fillna(0)
/home/user1/greenresearch/samim/HITL/code/make_plots.py:63: Pandas4Warning: Starting with pandas version 4.0 all arguments of mean will be keyword-only.
  mean, std = piv.mean(1), piv.std(1).fillna(0)
/home/user1/greenresearch/samim/HITL/code/make_plots.py:63: Pandas4Warning: Starting with pandas version 4.0 all arguments of std will be keyword-only.
  mean, std = piv.mean(1), piv.std(1).fillna(0)
/home/user1/greenresearch/samim/HITL/code/make_plots.py:63: Pandas4Warning: Starting with pandas version 4.0 all arguments of mean will be keyword-only.
  mean, std = piv.mean(1), piv.std(1).fillna(0)
/home/user1/greenresearch/samim/HITL/code/make_plots.py:63: Pandas4Warning: Starting with pandas version 4.0 all arguments of std will be keyword-only.
  mean, std = piv.mean(1), piv.std(1).fillna(0)
/home/user1/greenresearch/samim/HITL/code/make_plots.py:63: Pandas4Warning: Starting with pandas version 4.0 all arguments of mean will be keyword-only.
  mean, std = piv.mean(1), piv.std(1).fillna(0)
/home/user1/greenresearch/samim/HITL/code/make_plots.py:63: Pandas4Warning: Starting with pandas version 4.0 all arguments of std will be keyword-only.
  mean, std = piv.mean(1), piv.std(1).fillna(0)
/home/user1/greenresearch/samim/HITL/code/make_plots.py:63: Pandas4Warning: Starting with pandas version 4.0 all arguments of mean will be keyword-only.
  mean, std = piv.mean(1), piv.std(1).fillna(0)
/home/user1/greenresearch/samim/HITL/code/make_plots.py:63: Pandas4Warning: Starting with pandas version 4.0 all arguments of std will be keyword-only.
  mean, std = piv.mean(1), piv.std(1).fillna(0)
/home/user1/greenresearch/samim/HITL/code/make_plots.py:63: Pandas4Warning: Starting with pandas version 4.0 all arguments of mean will be keyword-only.
  mean, std = piv.mean(1), piv.std(1).fillna(0)
/home/user1/greenresearch/samim/HITL/code/make_plots.py:63: Pandas4Warning: Starting with pandas version 4.0 all arguments of std will be keyword-only.
  mean, std = piv.mean(1), piv.std(1).fillna(0)
/home/user1/greenresearch/samim/HITL/code/make_plots.py:63: Pandas4Warning: Starting with pandas version 4.0 all arguments of mean will be keyword-only.
  mean, std = piv.mean(1), piv.std(1).fillna(0)
/home/user1/greenresearch/samim/HITL/code/make_plots.py:63: Pandas4Warning: Starting with pandas version 4.0 all arguments of std will be keyword-only.
  mean, std = piv.mean(1), piv.std(1).fillna(0)
/home/user1/greenresearch/samim/HITL/code/make_plots.py:63: Pandas4Warning: Starting with pandas version 4.0 all arguments of mean will be keyword-only.
  mean, std = piv.mean(1), piv.std(1).fillna(0)
/home/user1/greenresearch/samim/HITL/code/make_plots.py:63: Pandas4Warning: Starting with pandas version 4.0 all arguments of std will be keyword-only.
  mean, std = piv.mean(1), piv.std(1).fillna(0)
/home/user1/greenresearch/samim/HITL/code/make_plots.py:63: Pandas4Warning: Starting with pandas version 4.0 all arguments of mean will be keyword-only.
  mean, std = piv.mean(1), piv.std(1).fillna(0)
/home/user1/greenresearch/samim/HITL/code/make_plots.py:63: Pandas4Warning: Starting with pandas version 4.0 all arguments of std will be keyword-only.
  mean, std = piv.mean(1), piv.std(1).fillna(0)
/home/user1/greenresearch/samim/HITL/code/make_plots.py:63: Pandas4Warning: Starting with pandas version 4.0 all arguments of mean will be keyword-only.
  mean, std = piv.mean(1), piv.std(1).fillna(0)
/home/user1/greenresearch/samim/HITL/code/make_plots.py:63: Pandas4Warning: Starting with pandas version 4.0 all arguments of std will be keyword-only.
  mean, std = piv.mean(1), piv.std(1).fillna(0)
/home/user1/greenresearch/samim/HITL/code/make_plots.py:63: Pandas4Warning: Starting with pandas version 4.0 all arguments of mean will be keyword-only.
  mean, std = piv.mean(1), piv.std(1).fillna(0)
/home/user1/greenresearch/samim/HITL/code/make_plots.py:63: Pandas4Warning: Starting with pandas version 4.0 all arguments of std will be keyword-only.
  mean, std = piv.mean(1), piv.std(1).fillna(0)
/home/user1/greenresearch/samim/HITL/code/make_plots.py:63: Pandas4Warning: Starting with pandas version 4.0 all arguments of mean will be keyword-only.
  mean, std = piv.mean(1), piv.std(1).fillna(0)
/home/user1/greenresearch/samim/HITL/code/make_plots.py:63: Pandas4Warning: Starting with pandas version 4.0 all arguments of std will be keyword-only.
  mean, std = piv.mean(1), piv.std(1).fillna(0)
/home/user1/greenresearch/samim/HITL/code/make_plots.py:63: Pandas4Warning: Starting with pandas version 4.0 all arguments of mean will be keyword-only.
  mean, std = piv.mean(1), piv.std(1).fillna(0)
/home/user1/greenresearch/samim/HITL/code/make_plots.py:63: Pandas4Warning: Starting with pandas version 4.0 all arguments of std will be keyword-only.
  mean, std = piv.mean(1), piv.std(1).fillna(0)
/home/user1/greenresearch/samim/HITL/code/make_plots.py:63: Pandas4Warning: Starting with pandas version 4.0 all arguments of mean will be keyword-only.
  mean, std = piv.mean(1), piv.std(1).fillna(0)
/home/user1/greenresearch/samim/HITL/code/make_plots.py:63: Pandas4Warning: Starting with pandas version 4.0 all arguments of std will be keyword-only.
  mean, std = piv.mean(1), piv.std(1).fillna(0)
/home/user1/greenresearch/samim/HITL/code/make_plots.py:63: Pandas4Warning: Starting with pandas version 4.0 all arguments of mean will be keyword-only.
  mean, std = piv.mean(1), piv.std(1).fillna(0)
/home/user1/greenresearch/samim/HITL/code/make_plots.py:63: Pandas4Warning: Starting with pandas version 4.0 all arguments of std will be keyword-only.
  mean, std = piv.mean(1), piv.std(1).fillna(0)
/home/user1/greenresearch/samim/HITL/code/make_plots.py:63: Pandas4Warning: Starting with pandas version 4.0 all arguments of mean will be keyword-only.
  mean, std = piv.mean(1), piv.std(1).fillna(0)
/home/user1/greenresearch/samim/HITL/code/make_plots.py:63: Pandas4Warning: Starting with pandas version 4.0 all arguments of std will be keyword-only.
  mean, std = piv.mean(1), piv.std(1).fillna(0)
/home/user1/greenresearch/samim/HITL/code/make_plots.py:63: Pandas4Warning: Starting with pandas version 4.0 all arguments of mean will be keyword-only.
  mean, std = piv.mean(1), piv.std(1).fillna(0)
/home/user1/greenresearch/samim/HITL/code/make_plots.py:63: Pandas4Warning: Starting with pandas version 4.0 all arguments of std will be keyword-only.
  mean, std = piv.mean(1), piv.std(1).fillna(0)
/home/user1/greenresearch/samim/HITL/code/make_plots.py:63: Pandas4Warning: Starting with pandas version 4.0 all arguments of mean will be keyword-only.
  mean, std = piv.mean(1), piv.std(1).fillna(0)
/home/user1/greenresearch/samim/HITL/code/make_plots.py:63: Pandas4Warning: Starting with pandas version 4.0 all arguments of std will be keyword-only.
  mean, std = piv.mean(1), piv.std(1).fillna(0)
/home/user1/greenresearch/samim/HITL/code/make_plots.py:63: Pandas4Warning: Starting with pandas version 4.0 all arguments of mean will be keyword-only.
  mean, std = piv.mean(1), piv.std(1).fillna(0)
/home/user1/greenresearch/samim/HITL/code/make_plots.py:63: Pandas4Warning: Starting with pandas version 4.0 all arguments of std will be keyword-only.
  mean, std = piv.mean(1), piv.std(1).fillna(0)
/home/user1/greenresearch/samim/HITL/code/make_plots.py:142: Pandas4Warning: Starting with pandas version 4.0 all arguments of mean will be keyword-only.
  ax.plot(piv_i.index, piv_i.mean(1), "o-", color="#d32f2f",
/home/user1/greenresearch/samim/HITL/code/make_plots.py:144: Pandas4Warning: Starting with pandas version 4.0 all arguments of mean will be keyword-only.
  ax.plot(piv_e.index, piv_e.mean(1), "s--", color="#1976d2",
/home/user1/greenresearch/samim/HITL/code/make_plots.py:142: Pandas4Warning: Starting with pandas version 4.0 all arguments of mean will be keyword-only.
  ax.plot(piv_i.index, piv_i.mean(1), "o-", color="#d32f2f",
/home/user1/greenresearch/samim/HITL/code/make_plots.py:144: Pandas4Warning: Starting with pandas version 4.0 all arguments of mean will be keyword-only.
  ax.plot(piv_e.index, piv_e.mean(1), "s--", color="#1976d2",
wrote /home/user1/greenresearch/samim/HITL/results/curves_cifar10_noise0.0.png
wrote /home/user1/greenresearch/samim/HITL/results/curves_cifar10_noise0.2.png
wrote /home/user1/greenresearch/samim/HITL/results/curves_fmnist_noise0.0.png
wrote /home/user1/greenresearch/samim/HITL/results/curves_fmnist_noise0.2.png
wrote summary tables
wrote /home/user1/greenresearch/samim/HITL/results/diagnostics_auroc.png
dataset  noise     method  n_seeds  final_acc_mean  final_acc_std  aubc_mean  aubc_std
cifar10    0.0     random        3        0.738633       0.004651   0.609007  0.006873
cifar10    0.0    entropy        3        0.718767       0.025640   0.565337  0.014191
cifar10    0.0       bald        3        0.726833       0.021732   0.592607  0.014223
cifar10    0.0    coreset        3        0.705467       0.005217   0.586703  0.005343
cifar10    0.0       iris        3        0.717433       0.021604   0.562690  0.006647
cifar10    0.2     random        3        0.632067       0.010914   0.520393  0.009061
cifar10    0.2    entropy        3        0.612867       0.025803   0.487907  0.000749
cifar10    0.2       bald        3        0.623200       0.017942   0.497950  0.008172
cifar10    0.2    coreset        3        0.614633       0.012772   0.490377  0.010248
cifar10    0.2       iris        1        0.547500       0.000000   0.482733  0.000000
 fmnist    0.0     random        3        0.864167       0.003643   0.818380  0.002411
 fmnist    0.0    entropy        3        0.867933       0.006852   0.822770  0.004082
 fmnist    0.0       bald        3        0.878733       0.005055   0.825850  0.007628
 fmnist    0.0    coreset        3        0.834700       0.000990   0.809653  0.007248
 fmnist    0.0       iris        3        0.875067       0.004297   0.826477  0.009391
 fmnist    0.0 iris-nodiv        3        0.863767       0.009882   0.810563  0.010554
 fmnist    0.2     random        3        0.842400       0.003034   0.796797  0.002498
 fmnist    0.2    entropy        3        0.846933       0.004701   0.794210  0.007607
 fmnist    0.2       bald        3        0.821067       0.000694   0.775230  0.000601
 fmnist    0.2    coreset        3        0.815600       0.008747   0.783157  0.004850
 fmnist    0.2       iris        3        0.848733       0.005432   0.800497  0.003624
 fmnist    0.2 iris-norel        3        0.845633       0.007410   0.797500  0.000878
wrote /home/user1/greenresearch/samim/HITL/latex/numbers.tex (104 macros)
Mon Aug 24 04:54:02 AM +06 2026 assembled
/home/user1/greenresearch/samim/HITL/code/make_plots.py:63: Pandas4Warning: Starting with pandas version 4.0 all arguments of mean will be keyword-only.
  mean, std = piv.mean(1), piv.std(1).fillna(0)
/home/user1/greenresearch/samim/HITL/code/make_plots.py:63: Pandas4Warning: Starting with pandas version 4.0 all arguments of std will be keyword-only.
  mean, std = piv.mean(1), piv.std(1).fillna(0)
/home/user1/greenresearch/samim/HITL/code/make_plots.py:63: Pandas4Warning: Starting with pandas version 4.0 all arguments of mean will be keyword-only.
  mean, std = piv.mean(1), piv.std(1).fillna(0)
/home/user1/greenresearch/samim/HITL/code/make_plots.py:63: Pandas4Warning: Starting with pandas version 4.0 all arguments of std will be keyword-only.
  mean, std = piv.mean(1), piv.std(1).fillna(0)
/home/user1/greenresearch/samim/HITL/code/make_plots.py:63: Pandas4Warning: Starting with pandas version 4.0 all arguments of mean will be keyword-only.
  mean, std = piv.mean(1), piv.std(1).fillna(0)
/home/user1/greenresearch/samim/HITL/code/make_plots.py:63: Pandas4Warning: Starting with pandas version 4.0 all arguments of std will be keyword-only.
  mean, std = piv.mean(1), piv.std(1).fillna(0)
/home/user1/greenresearch/samim/HITL/code/make_plots.py:63: Pandas4Warning: Starting with pandas version 4.0 all arguments of mean will be keyword-only.
  mean, std = piv.mean(1), piv.std(1).fillna(0)
/home/user1/greenresearch/samim/HITL/code/make_plots.py:63: Pandas4Warning: Starting with pandas version 4.0 all arguments of std will be keyword-only.
  mean, std = piv.mean(1), piv.std(1).fillna(0)
/home/user1/greenresearch/samim/HITL/code/make_plots.py:63: Pandas4Warning: Starting with pandas version 4.0 all arguments of mean will be keyword-only.
  mean, std = piv.mean(1), piv.std(1).fillna(0)
/home/user1/greenresearch/samim/HITL/code/make_plots.py:63: Pandas4Warning: Starting with pandas version 4.0 all arguments of std will be keyword-only.
  mean, std = piv.mean(1), piv.std(1).fillna(0)
/home/user1/greenresearch/samim/HITL/code/make_plots.py:63: Pandas4Warning: Starting with pandas version 4.0 all arguments of mean will be keyword-only.
  mean, std = piv.mean(1), piv.std(1).fillna(0)
/home/user1/greenresearch/samim/HITL/code/make_plots.py:63: Pandas4Warning: Starting with pandas version 4.0 all arguments of std will be keyword-only.
  mean, std = piv.mean(1), piv.std(1).fillna(0)
/home/user1/greenresearch/samim/HITL/code/make_plots.py:63: Pandas4Warning: Starting with pandas version 4.0 all arguments of mean will be keyword-only.
  mean, std = piv.mean(1), piv.std(1).fillna(0)
/home/user1/greenresearch/samim/HITL/code/make_plots.py:63: Pandas4Warning: Starting with pandas version 4.0 all arguments of std will be keyword-only.
  mean, std = piv.mean(1), piv.std(1).fillna(0)
/home/user1/greenresearch/samim/HITL/code/make_plots.py:63: Pandas4Warning: Starting with pandas version 4.0 all arguments of mean will be keyword-only.
  mean, std = piv.mean(1), piv.std(1).fillna(0)
/home/user1/greenresearch/samim/HITL/code/make_plots.py:63: Pandas4Warning: Starting with pandas version 4.0 all arguments of std will be keyword-only.
  mean, std = piv.mean(1), piv.std(1).fillna(0)
/home/user1/greenresearch/samim/HITL/code/make_plots.py:63: Pandas4Warning: Starting with pandas version 4.0 all arguments of mean will be keyword-only.
  mean, std = piv.mean(1), piv.std(1).fillna(0)
/home/user1/greenresearch/samim/HITL/code/make_plots.py:63: Pandas4Warning: Starting with pandas version 4.0 all arguments of std will be keyword-only.
  mean, std = piv.mean(1), piv.std(1).fillna(0)
/home/user1/greenresearch/samim/HITL/code/make_plots.py:63: Pandas4Warning: Starting with pandas version 4.0 all arguments of mean will be keyword-only.
  mean, std = piv.mean(1), piv.std(1).fillna(0)
/home/user1/greenresearch/samim/HITL/code/make_plots.py:63: Pandas4Warning: Starting with pandas version 4.0 all arguments of std will be keyword-only.
  mean, std = piv.mean(1), piv.std(1).fillna(0)
/home/user1/greenresearch/samim/HITL/code/make_plots.py:63: Pandas4Warning: Starting with pandas version 4.0 all arguments of mean will be keyword-only.
  mean, std = piv.mean(1), piv.std(1).fillna(0)
/home/user1/greenresearch/samim/HITL/code/make_plots.py:63: Pandas4Warning: Starting with pandas version 4.0 all arguments of std will be keyword-only.
  mean, std = piv.mean(1), piv.std(1).fillna(0)
/home/user1/greenresearch/samim/HITL/code/make_plots.py:63: Pandas4Warning: Starting with pandas version 4.0 all arguments of mean will be keyword-only.
  mean, std = piv.mean(1), piv.std(1).fillna(0)
/home/user1/greenresearch/samim/HITL/code/make_plots.py:63: Pandas4Warning: Starting with pandas version 4.0 all arguments of std will be keyword-only.
  mean, std = piv.mean(1), piv.std(1).fillna(0)
/home/user1/greenresearch/samim/HITL/code/make_plots.py:63: Pandas4Warning: Starting with pandas version 4.0 all arguments of mean will be keyword-only.
  mean, std = piv.mean(1), piv.std(1).fillna(0)
/home/user1/greenresearch/samim/HITL/code/make_plots.py:63: Pandas4Warning: Starting with pandas version 4.0 all arguments of std will be keyword-only.
  mean, std = piv.mean(1), piv.std(1).fillna(0)
/home/user1/greenresearch/samim/HITL/code/make_plots.py:63: Pandas4Warning: Starting with pandas version 4.0 all arguments of mean will be keyword-only.
  mean, std = piv.mean(1), piv.std(1).fillna(0)
/home/user1/greenresearch/samim/HITL/code/make_plots.py:63: Pandas4Warning: Starting with pandas version 4.0 all arguments of std will be keyword-only.
  mean, std = piv.mean(1), piv.std(1).fillna(0)
/home/user1/greenresearch/samim/HITL/code/make_plots.py:63: Pandas4Warning: Starting with pandas version 4.0 all arguments of mean will be keyword-only.
  mean, std = piv.mean(1), piv.std(1).fillna(0)
/home/user1/greenresearch/samim/HITL/code/make_plots.py:63: Pandas4Warning: Starting with pandas version 4.0 all arguments of std will be keyword-only.
  mean, std = piv.mean(1), piv.std(1).fillna(0)
/home/user1/greenresearch/samim/HITL/code/make_plots.py:63: Pandas4Warning: Starting with pandas version 4.0 all arguments of mean will be keyword-only.
  mean, std = piv.mean(1), piv.std(1).fillna(0)
/home/user1/greenresearch/samim/HITL/code/make_plots.py:63: Pandas4Warning: Starting with pandas version 4.0 all arguments of std will be keyword-only.
  mean, std = piv.mean(1), piv.std(1).fillna(0)
/home/user1/greenresearch/samim/HITL/code/make_plots.py:63: Pandas4Warning: Starting with pandas version 4.0 all arguments of mean will be keyword-only.
  mean, std = piv.mean(1), piv.std(1).fillna(0)
/home/user1/greenresearch/samim/HITL/code/make_plots.py:63: Pandas4Warning: Starting with pandas version 4.0 all arguments of std will be keyword-only.
  mean, std = piv.mean(1), piv.std(1).fillna(0)
/home/user1/greenresearch/samim/HITL/code/make_plots.py:63: Pandas4Warning: Starting with pandas version 4.0 all arguments of mean will be keyword-only.
  mean, std = piv.mean(1), piv.std(1).fillna(0)
/home/user1/greenresearch/samim/HITL/code/make_plots.py:63: Pandas4Warning: Starting with pandas version 4.0 all arguments of std will be keyword-only.
  mean, std = piv.mean(1), piv.std(1).fillna(0)
/home/user1/greenresearch/samim/HITL/code/make_plots.py:63: Pandas4Warning: Starting with pandas version 4.0 all arguments of mean will be keyword-only.
  mean, std = piv.mean(1), piv.std(1).fillna(0)
/home/user1/greenresearch/samim/HITL/code/make_plots.py:63: Pandas4Warning: Starting with pandas version 4.0 all arguments of std will be keyword-only.
  mean, std = piv.mean(1), piv.std(1).fillna(0)
/home/user1/greenresearch/samim/HITL/code/make_plots.py:63: Pandas4Warning: Starting with pandas version 4.0 all arguments of mean will be keyword-only.
  mean, std = piv.mean(1), piv.std(1).fillna(0)
/home/user1/greenresearch/samim/HITL/code/make_plots.py:63: Pandas4Warning: Starting with pandas version 4.0 all arguments of std will be keyword-only.
  mean, std = piv.mean(1), piv.std(1).fillna(0)
/home/user1/greenresearch/samim/HITL/code/make_plots.py:63: Pandas4Warning: Starting with pandas version 4.0 all arguments of mean will be keyword-only.
  mean, std = piv.mean(1), piv.std(1).fillna(0)
/home/user1/greenresearch/samim/HITL/code/make_plots.py:63: Pandas4Warning: Starting with pandas version 4.0 all arguments of std will be keyword-only.
  mean, std = piv.mean(1), piv.std(1).fillna(0)
/home/user1/greenresearch/samim/HITL/code/make_plots.py:63: Pandas4Warning: Starting with pandas version 4.0 all arguments of mean will be keyword-only.
  mean, std = piv.mean(1), piv.std(1).fillna(0)
/home/user1/greenresearch/samim/HITL/code/make_plots.py:63: Pandas4Warning: Starting with pandas version 4.0 all arguments of std will be keyword-only.
  mean, std = piv.mean(1), piv.std(1).fillna(0)
/home/user1/greenresearch/samim/HITL/code/make_plots.py:142: Pandas4Warning: Starting with pandas version 4.0 all arguments of mean will be keyword-only.
  ax.plot(piv_i.index, piv_i.mean(1), "o-", color="#d32f2f",
/home/user1/greenresearch/samim/HITL/code/make_plots.py:144: Pandas4Warning: Starting with pandas version 4.0 all arguments of mean will be keyword-only.
  ax.plot(piv_e.index, piv_e.mean(1), "s--", color="#1976d2",
/home/user1/greenresearch/samim/HITL/code/make_plots.py:142: Pandas4Warning: Starting with pandas version 4.0 all arguments of mean will be keyword-only.
  ax.plot(piv_i.index, piv_i.mean(1), "o-", color="#d32f2f",
/home/user1/greenresearch/samim/HITL/code/make_plots.py:144: Pandas4Warning: Starting with pandas version 4.0 all arguments of mean will be keyword-only.
  ax.plot(piv_e.index, piv_e.mean(1), "s--", color="#1976d2",
wrote /home/user1/greenresearch/samim/HITL/results/curves_cifar10_noise0.0.png
wrote /home/user1/greenresearch/samim/HITL/results/curves_cifar10_noise0.2.png
wrote /home/user1/greenresearch/samim/HITL/results/curves_fmnist_noise0.0.png
wrote /home/user1/greenresearch/samim/HITL/results/curves_fmnist_noise0.2.png
wrote summary tables
wrote /home/user1/greenresearch/samim/HITL/results/diagnostics_auroc.png
dataset  noise     method  n_seeds  final_acc_mean  final_acc_std  aubc_mean  aubc_std
cifar10    0.0     random        3        0.738633       0.004651   0.609007  0.006873
cifar10    0.0    entropy        3        0.718767       0.025640   0.565337  0.014191
cifar10    0.0       bald        3        0.726833       0.021732   0.592607  0.014223
cifar10    0.0    coreset        3        0.705467       0.005217   0.586703  0.005343
cifar10    0.0       iris        3        0.717433       0.021604   0.562690  0.006647
cifar10    0.2     random        3        0.632067       0.010914   0.520393  0.009061
cifar10    0.2    entropy        3        0.612867       0.025803   0.487907  0.000749
cifar10    0.2       bald        3        0.623200       0.017942   0.497950  0.008172
cifar10    0.2    coreset        3        0.614633       0.012772   0.490377  0.010248
cifar10    0.2       iris        3        0.638400       0.011493   0.498943  0.003906
 fmnist    0.0     random        3        0.864167       0.003643   0.818380  0.002411
 fmnist    0.0    entropy        3        0.867933       0.006852   0.822770  0.004082
 fmnist    0.0       bald        3        0.878733       0.005055   0.825850  0.007628
 fmnist    0.0    coreset        3        0.834700       0.000990   0.809653  0.007248
 fmnist    0.0       iris        3        0.875067       0.004297   0.826477  0.009391
 fmnist    0.0 iris-nodiv        3        0.863767       0.009882   0.810563  0.010554
 fmnist    0.2     random        3        0.842400       0.003034   0.796797  0.002498
 fmnist    0.2    entropy        3        0.846933       0.004701   0.794210  0.007607
 fmnist    0.2       bald        3        0.821067       0.000694   0.775230  0.000601
 fmnist    0.2    coreset        3        0.815600       0.008747   0.783157  0.004850
 fmnist    0.2       iris        3        0.848733       0.005432   0.800497  0.003624
 fmnist    0.2 iris-norel        3        0.845633       0.007410   0.797500  0.000878
wrote /home/user1/greenresearch/samim/HITL/latex/numbers.tex (104 macros)
Mon Aug 24 05:24:04 AM +06 2026 assembled
/home/user1/greenresearch/samim/HITL/code/make_plots.py:63: Pandas4Warning: Starting with pandas version 4.0 all arguments of mean will be keyword-only.
  mean, std = piv.mean(1), piv.std(1).fillna(0)
/home/user1/greenresearch/samim/HITL/code/make_plots.py:63: Pandas4Warning: Starting with pandas version 4.0 all arguments of std will be keyword-only.
  mean, std = piv.mean(1), piv.std(1).fillna(0)
/home/user1/greenresearch/samim/HITL/code/make_plots.py:63: Pandas4Warning: Starting with pandas version 4.0 all arguments of mean will be keyword-only.
  mean, std = piv.mean(1), piv.std(1).fillna(0)
/home/user1/greenresearch/samim/HITL/code/make_plots.py:63: Pandas4Warning: Starting with pandas version 4.0 all arguments of std will be keyword-only.
  mean, std = piv.mean(1), piv.std(1).fillna(0)
/home/user1/greenresearch/samim/HITL/code/make_plots.py:63: Pandas4Warning: Starting with pandas version 4.0 all arguments of mean will be keyword-only.
  mean, std = piv.mean(1), piv.std(1).fillna(0)
/home/user1/greenresearch/samim/HITL/code/make_plots.py:63: Pandas4Warning: Starting with pandas version 4.0 all arguments of std will be keyword-only.
  mean, std = piv.mean(1), piv.std(1).fillna(0)
/home/user1/greenresearch/samim/HITL/code/make_plots.py:63: Pandas4Warning: Starting with pandas version 4.0 all arguments of mean will be keyword-only.
  mean, std = piv.mean(1), piv.std(1).fillna(0)
/home/user1/greenresearch/samim/HITL/code/make_plots.py:63: Pandas4Warning: Starting with pandas version 4.0 all arguments of std will be keyword-only.
  mean, std = piv.mean(1), piv.std(1).fillna(0)
/home/user1/greenresearch/samim/HITL/code/make_plots.py:63: Pandas4Warning: Starting with pandas version 4.0 all arguments of mean will be keyword-only.
  mean, std = piv.mean(1), piv.std(1).fillna(0)
/home/user1/greenresearch/samim/HITL/code/make_plots.py:63: Pandas4Warning: Starting with pandas version 4.0 all arguments of std will be keyword-only.
  mean, std = piv.mean(1), piv.std(1).fillna(0)
/home/user1/greenresearch/samim/HITL/code/make_plots.py:63: Pandas4Warning: Starting with pandas version 4.0 all arguments of mean will be keyword-only.
  mean, std = piv.mean(1), piv.std(1).fillna(0)
/home/user1/greenresearch/samim/HITL/code/make_plots.py:63: Pandas4Warning: Starting with pandas version 4.0 all arguments of std will be keyword-only.
  mean, std = piv.mean(1), piv.std(1).fillna(0)
/home/user1/greenresearch/samim/HITL/code/make_plots.py:63: Pandas4Warning: Starting with pandas version 4.0 all arguments of mean will be keyword-only.
  mean, std = piv.mean(1), piv.std(1).fillna(0)
/home/user1/greenresearch/samim/HITL/code/make_plots.py:63: Pandas4Warning: Starting with pandas version 4.0 all arguments of std will be keyword-only.
  mean, std = piv.mean(1), piv.std(1).fillna(0)
/home/user1/greenresearch/samim/HITL/code/make_plots.py:63: Pandas4Warning: Starting with pandas version 4.0 all arguments of mean will be keyword-only.
  mean, std = piv.mean(1), piv.std(1).fillna(0)
/home/user1/greenresearch/samim/HITL/code/make_plots.py:63: Pandas4Warning: Starting with pandas version 4.0 all arguments of std will be keyword-only.
  mean, std = piv.mean(1), piv.std(1).fillna(0)
/home/user1/greenresearch/samim/HITL/code/make_plots.py:63: Pandas4Warning: Starting with pandas version 4.0 all arguments of mean will be keyword-only.
  mean, std = piv.mean(1), piv.std(1).fillna(0)
/home/user1/greenresearch/samim/HITL/code/make_plots.py:63: Pandas4Warning: Starting with pandas version 4.0 all arguments of std will be keyword-only.
  mean, std = piv.mean(1), piv.std(1).fillna(0)
/home/user1/greenresearch/samim/HITL/code/make_plots.py:63: Pandas4Warning: Starting with pandas version 4.0 all arguments of mean will be keyword-only.
  mean, std = piv.mean(1), piv.std(1).fillna(0)
/home/user1/greenresearch/samim/HITL/code/make_plots.py:63: Pandas4Warning: Starting with pandas version 4.0 all arguments of std will be keyword-only.
  mean, std = piv.mean(1), piv.std(1).fillna(0)
/home/user1/greenresearch/samim/HITL/code/make_plots.py:63: Pandas4Warning: Starting with pandas version 4.0 all arguments of mean will be keyword-only.
  mean, std = piv.mean(1), piv.std(1).fillna(0)
/home/user1/greenresearch/samim/HITL/code/make_plots.py:63: Pandas4Warning: Starting with pandas version 4.0 all arguments of std will be keyword-only.
  mean, std = piv.mean(1), piv.std(1).fillna(0)
/home/user1/greenresearch/samim/HITL/code/make_plots.py:63: Pandas4Warning: Starting with pandas version 4.0 all arguments of mean will be keyword-only.
  mean, std = piv.mean(1), piv.std(1).fillna(0)
/home/user1/greenresearch/samim/HITL/code/make_plots.py:63: Pandas4Warning: Starting with pandas version 4.0 all arguments of std will be keyword-only.
  mean, std = piv.mean(1), piv.std(1).fillna(0)
/home/user1/greenresearch/samim/HITL/code/make_plots.py:63: Pandas4Warning: Starting with pandas version 4.0 all arguments of mean will be keyword-only.
  mean, std = piv.mean(1), piv.std(1).fillna(0)
/home/user1/greenresearch/samim/HITL/code/make_plots.py:63: Pandas4Warning: Starting with pandas version 4.0 all arguments of std will be keyword-only.
  mean, std = piv.mean(1), piv.std(1).fillna(0)
/home/user1/greenresearch/samim/HITL/code/make_plots.py:63: Pandas4Warning: Starting with pandas version 4.0 all arguments of mean will be keyword-only.
  mean, std = piv.mean(1), piv.std(1).fillna(0)
/home/user1/greenresearch/samim/HITL/code/make_plots.py:63: Pandas4Warning: Starting with pandas version 4.0 all arguments of std will be keyword-only.
  mean, std = piv.mean(1), piv.std(1).fillna(0)
/home/user1/greenresearch/samim/HITL/code/make_plots.py:63: Pandas4Warning: Starting with pandas version 4.0 all arguments of mean will be keyword-only.
  mean, std = piv.mean(1), piv.std(1).fillna(0)
/home/user1/greenresearch/samim/HITL/code/make_plots.py:63: Pandas4Warning: Starting with pandas version 4.0 all arguments of std will be keyword-only.
  mean, std = piv.mean(1), piv.std(1).fillna(0)
/home/user1/greenresearch/samim/HITL/code/make_plots.py:63: Pandas4Warning: Starting with pandas version 4.0 all arguments of mean will be keyword-only.
  mean, std = piv.mean(1), piv.std(1).fillna(0)
/home/user1/greenresearch/samim/HITL/code/make_plots.py:63: Pandas4Warning: Starting with pandas version 4.0 all arguments of std will be keyword-only.
  mean, std = piv.mean(1), piv.std(1).fillna(0)
/home/user1/greenresearch/samim/HITL/code/make_plots.py:63: Pandas4Warning: Starting with pandas version 4.0 all arguments of mean will be keyword-only.
  mean, std = piv.mean(1), piv.std(1).fillna(0)
/home/user1/greenresearch/samim/HITL/code/make_plots.py:63: Pandas4Warning: Starting with pandas version 4.0 all arguments of std will be keyword-only.
  mean, std = piv.mean(1), piv.std(1).fillna(0)
/home/user1/greenresearch/samim/HITL/code/make_plots.py:63: Pandas4Warning: Starting with pandas version 4.0 all arguments of mean will be keyword-only.
  mean, std = piv.mean(1), piv.std(1).fillna(0)
/home/user1/greenresearch/samim/HITL/code/make_plots.py:63: Pandas4Warning: Starting with pandas version 4.0 all arguments of std will be keyword-only.
  mean, std = piv.mean(1), piv.std(1).fillna(0)
/home/user1/greenresearch/samim/HITL/code/make_plots.py:63: Pandas4Warning: Starting with pandas version 4.0 all arguments of mean will be keyword-only.
  mean, std = piv.mean(1), piv.std(1).fillna(0)
/home/user1/greenresearch/samim/HITL/code/make_plots.py:63: Pandas4Warning: Starting with pandas version 4.0 all arguments of std will be keyword-only.
  mean, std = piv.mean(1), piv.std(1).fillna(0)
/home/user1/greenresearch/samim/HITL/code/make_plots.py:63: Pandas4Warning: Starting with pandas version 4.0 all arguments of mean will be keyword-only.
  mean, std = piv.mean(1), piv.std(1).fillna(0)
/home/user1/greenresearch/samim/HITL/code/make_plots.py:63: Pandas4Warning: Starting with pandas version 4.0 all arguments of std will be keyword-only.
  mean, std = piv.mean(1), piv.std(1).fillna(0)
/home/user1/greenresearch/samim/HITL/code/make_plots.py:63: Pandas4Warning: Starting with pandas version 4.0 all arguments of mean will be keyword-only.
  mean, std = piv.mean(1), piv.std(1).fillna(0)
/home/user1/greenresearch/samim/HITL/code/make_plots.py:63: Pandas4Warning: Starting with pandas version 4.0 all arguments of std will be keyword-only.
  mean, std = piv.mean(1), piv.std(1).fillna(0)
/home/user1/greenresearch/samim/HITL/code/make_plots.py:63: Pandas4Warning: Starting with pandas version 4.0 all arguments of mean will be keyword-only.
  mean, std = piv.mean(1), piv.std(1).fillna(0)
/home/user1/greenresearch/samim/HITL/code/make_plots.py:63: Pandas4Warning: Starting with pandas version 4.0 all arguments of std will be keyword-only.
  mean, std = piv.mean(1), piv.std(1).fillna(0)
/home/user1/greenresearch/samim/HITL/code/make_plots.py:142: Pandas4Warning: Starting with pandas version 4.0 all arguments of mean will be keyword-only.
  ax.plot(piv_i.index, piv_i.mean(1), "o-", color="#d32f2f",
/home/user1/greenresearch/samim/HITL/code/make_plots.py:144: Pandas4Warning: Starting with pandas version 4.0 all arguments of mean will be keyword-only.
  ax.plot(piv_e.index, piv_e.mean(1), "s--", color="#1976d2",
/home/user1/greenresearch/samim/HITL/code/make_plots.py:142: Pandas4Warning: Starting with pandas version 4.0 all arguments of mean will be keyword-only.
  ax.plot(piv_i.index, piv_i.mean(1), "o-", color="#d32f2f",
/home/user1/greenresearch/samim/HITL/code/make_plots.py:144: Pandas4Warning: Starting with pandas version 4.0 all arguments of mean will be keyword-only.
  ax.plot(piv_e.index, piv_e.mean(1), "s--", color="#1976d2",
wrote /home/user1/greenresearch/samim/HITL/results/curves_cifar10_noise0.0.png
wrote /home/user1/greenresearch/samim/HITL/results/curves_cifar10_noise0.2.png
wrote /home/user1/greenresearch/samim/HITL/results/curves_fmnist_noise0.0.png
wrote /home/user1/greenresearch/samim/HITL/results/curves_fmnist_noise0.2.png
wrote summary tables
wrote /home/user1/greenresearch/samim/HITL/results/diagnostics_auroc.png
dataset  noise     method  n_seeds  final_acc_mean  final_acc_std  aubc_mean  aubc_std
cifar10    0.0     random        3        0.738633       0.004651   0.609007  0.006873
cifar10    0.0    entropy        3        0.718767       0.025640   0.565337  0.014191
cifar10    0.0       bald        3        0.726833       0.021732   0.592607  0.014223
cifar10    0.0    coreset        3        0.705467       0.005217   0.586703  0.005343
cifar10    0.0       iris        3        0.717433       0.021604   0.562690  0.006647
cifar10    0.2     random        3        0.632067       0.010914   0.520393  0.009061
cifar10    0.2    entropy        3        0.612867       0.025803   0.487907  0.000749
cifar10    0.2       bald        3        0.623200       0.017942   0.497950  0.008172
cifar10    0.2    coreset        3        0.614633       0.012772   0.490377  0.010248
cifar10    0.2       iris        3        0.638400       0.011493   0.498943  0.003906
 fmnist    0.0     random        3        0.864167       0.003643   0.818380  0.002411
 fmnist    0.0    entropy        3        0.867933       0.006852   0.822770  0.004082
 fmnist    0.0       bald        3        0.878733       0.005055   0.825850  0.007628
 fmnist    0.0    coreset        3        0.834700       0.000990   0.809653  0.007248
 fmnist    0.0       iris        3        0.875067       0.004297   0.826477  0.009391
 fmnist    0.0 iris-nodiv        3        0.863767       0.009882   0.810563  0.010554
 fmnist    0.2     random        3        0.842400       0.003034   0.796797  0.002498
 fmnist    0.2    entropy        3        0.846933       0.004701   0.794210  0.007607
 fmnist    0.2       bald        3        0.821067       0.000694   0.775230  0.000601
 fmnist    0.2    coreset        3        0.815600       0.008747   0.783157  0.004850
 fmnist    0.2       iris        3        0.848733       0.005432   0.800497  0.003624
 fmnist    0.2 iris-norel        3        0.845633       0.007410   0.797500  0.000878
wrote /home/user1/greenresearch/samim/HITL/latex/numbers.tex (104 macros)
Mon Aug 24 05:24:06 AM +06 2026 assembled
Mon Aug 24 05:24:06 AM +06 2026 FINAL assembly done (66/66 runs)
/home/user1/greenresearch/samim/HITL/code/make_plots.py:63: Pandas4Warning: Starting with pandas version 4.0 all arguments of mean will be keyword-only.
  mean, std = piv.mean(1), piv.std(1).fillna(0)
/home/user1/greenresearch/samim/HITL/code/make_plots.py:63: Pandas4Warning: Starting with pandas version 4.0 all arguments of std will be keyword-only.
  mean, std = piv.mean(1), piv.std(1).fillna(0)
/home/user1/greenresearch/samim/HITL/code/make_plots.py:63: Pandas4Warning: Starting with pandas version 4.0 all arguments of mean will be keyword-only.
  mean, std = piv.mean(1), piv.std(1).fillna(0)
/home/user1/greenresearch/samim/HITL/code/make_plots.py:63: Pandas4Warning: Starting with pandas version 4.0 all arguments of std will be keyword-only.
  mean, std = piv.mean(1), piv.std(1).fillna(0)
/home/user1/greenresearch/samim/HITL/code/make_plots.py:63: Pandas4Warning: Starting with pandas version 4.0 all arguments of mean will be keyword-only.
  mean, std = piv.mean(1), piv.std(1).fillna(0)
/home/user1/greenresearch/samim/HITL/code/make_plots.py:63: Pandas4Warning: Starting with pandas version 4.0 all arguments of std will be keyword-only.
  mean, std = piv.mean(1), piv.std(1).fillna(0)
/home/user1/greenresearch/samim/HITL/code/make_plots.py:63: Pandas4Warning: Starting with pandas version 4.0 all arguments of mean will be keyword-only.
  mean, std = piv.mean(1), piv.std(1).fillna(0)
/home/user1/greenresearch/samim/HITL/code/make_plots.py:63: Pandas4Warning: Starting with pandas version 4.0 all arguments of std will be keyword-only.
  mean, std = piv.mean(1), piv.std(1).fillna(0)
/home/user1/greenresearch/samim/HITL/code/make_plots.py:63: Pandas4Warning: Starting with pandas version 4.0 all arguments of mean will be keyword-only.
  mean, std = piv.mean(1), piv.std(1).fillna(0)
/home/user1/greenresearch/samim/HITL/code/make_plots.py:63: Pandas4Warning: Starting with pandas version 4.0 all arguments of std will be keyword-only.
  mean, std = piv.mean(1), piv.std(1).fillna(0)
/home/user1/greenresearch/samim/HITL/code/make_plots.py:63: Pandas4Warning: Starting with pandas version 4.0 all arguments of mean will be keyword-only.
  mean, std = piv.mean(1), piv.std(1).fillna(0)
/home/user1/greenresearch/samim/HITL/code/make_plots.py:63: Pandas4Warning: Starting with pandas version 4.0 all arguments of std will be keyword-only.
  mean, std = piv.mean(1), piv.std(1).fillna(0)
/home/user1/greenresearch/samim/HITL/code/make_plots.py:63: Pandas4Warning: Starting with pandas version 4.0 all arguments of mean will be keyword-only.
  mean, std = piv.mean(1), piv.std(1).fillna(0)
/home/user1/greenresearch/samim/HITL/code/make_plots.py:63: Pandas4Warning: Starting with pandas version 4.0 all arguments of std will be keyword-only.
  mean, std = piv.mean(1), piv.std(1).fillna(0)
/home/user1/greenresearch/samim/HITL/code/make_plots.py:63: Pandas4Warning: Starting with pandas version 4.0 all arguments of mean will be keyword-only.
  mean, std = piv.mean(1), piv.std(1).fillna(0)
/home/user1/greenresearch/samim/HITL/code/make_plots.py:63: Pandas4Warning: Starting with pandas version 4.0 all arguments of std will be keyword-only.
  mean, std = piv.mean(1), piv.std(1).fillna(0)
/home/user1/greenresearch/samim/HITL/code/make_plots.py:63: Pandas4Warning: Starting with pandas version 4.0 all arguments of mean will be keyword-only.
  mean, std = piv.mean(1), piv.std(1).fillna(0)
/home/user1/greenresearch/samim/HITL/code/make_plots.py:63: Pandas4Warning: Starting with pandas version 4.0 all arguments of std will be keyword-only.
  mean, std = piv.mean(1), piv.std(1).fillna(0)
/home/user1/greenresearch/samim/HITL/code/make_plots.py:63: Pandas4Warning: Starting with pandas version 4.0 all arguments of mean will be keyword-only.
  mean, std = piv.mean(1), piv.std(1).fillna(0)
/home/user1/greenresearch/samim/HITL/code/make_plots.py:63: Pandas4Warning: Starting with pandas version 4.0 all arguments of std will be keyword-only.
  mean, std = piv.mean(1), piv.std(1).fillna(0)
/home/user1/greenresearch/samim/HITL/code/make_plots.py:63: Pandas4Warning: Starting with pandas version 4.0 all arguments of mean will be keyword-only.
  mean, std = piv.mean(1), piv.std(1).fillna(0)
/home/user1/greenresearch/samim/HITL/code/make_plots.py:63: Pandas4Warning: Starting with pandas version 4.0 all arguments of std will be keyword-only.
  mean, std = piv.mean(1), piv.std(1).fillna(0)
/home/user1/greenresearch/samim/HITL/code/make_plots.py:63: Pandas4Warning: Starting with pandas version 4.0 all arguments of mean will be keyword-only.
  mean, std = piv.mean(1), piv.std(1).fillna(0)
/home/user1/greenresearch/samim/HITL/code/make_plots.py:63: Pandas4Warning: Starting with pandas version 4.0 all arguments of std will be keyword-only.
  mean, std = piv.mean(1), piv.std(1).fillna(0)
/home/user1/greenresearch/samim/HITL/code/make_plots.py:142: Pandas4Warning: Starting with pandas version 4.0 all arguments of mean will be keyword-only.
  ax.plot(piv_i.index, piv_i.mean(1), "o-", color="#d32f2f",
/home/user1/greenresearch/samim/HITL/code/make_plots.py:144: Pandas4Warning: Starting with pandas version 4.0 all arguments of mean will be keyword-only.
  ax.plot(piv_e.index, piv_e.mean(1), "s--", color="#1976d2",
wrote /home/user1/greenresearch/samim/HITL/results/curves_fmnist_noise0.0.png
wrote /home/user1/greenresearch/samim/HITL/results/curves_fmnist_noise0.2.png
wrote summary tables
wrote /home/user1/greenresearch/samim/HITL/results/diagnostics_auroc.png
dataset  noise     method  n_seeds  final_acc_mean  final_acc_std  aubc_mean  aubc_std
 fmnist    0.0     random        3        0.864167       0.003643   0.818380  0.002411
 fmnist    0.0    entropy        3        0.867933       0.006852   0.822770  0.004082
 fmnist    0.0       bald        3        0.878733       0.005055   0.825850  0.007628
 fmnist    0.0    coreset        3        0.834700       0.000990   0.809653  0.007248
 fmnist    0.0       iris        3        0.875067       0.004297   0.826477  0.009391
 fmnist    0.0 iris-nodiv        3        0.863767       0.009882   0.810563  0.010554
 fmnist    0.2     random        3        0.842400       0.003034   0.796797  0.002498
 fmnist    0.2    entropy        3        0.846933       0.004701   0.794210  0.007607
 fmnist    0.2       bald        3        0.821067       0.000694   0.775230  0.000601
 fmnist    0.2    coreset        3        0.815600       0.008747   0.783157  0.004850
 fmnist    0.2       iris        3        0.848733       0.005432   0.800497  0.003624
 fmnist    0.2 iris-norel        3        0.845633       0.007410   0.797500  0.000878
wrote /home/user1/greenresearch/samim/HITL/latex/numbers.tex (56 macros)
Mon Aug 24 05:46:43 AM +06 2026 assembled
/home/user1/greenresearch/samim/HITL/code/make_plots.py:63: Pandas4Warning: Starting with pandas version 4.0 all arguments of mean will be keyword-only.
  mean, std = piv.mean(1), piv.std(1).fillna(0)
/home/user1/greenresearch/samim/HITL/code/make_plots.py:63: Pandas4Warning: Starting with pandas version 4.0 all arguments of std will be keyword-only.
  mean, std = piv.mean(1), piv.std(1).fillna(0)
/home/user1/greenresearch/samim/HITL/code/make_plots.py:63: Pandas4Warning: Starting with pandas version 4.0 all arguments of mean will be keyword-only.
  mean, std = piv.mean(1), piv.std(1).fillna(0)
/home/user1/greenresearch/samim/HITL/code/make_plots.py:63: Pandas4Warning: Starting with pandas version 4.0 all arguments of std will be keyword-only.
  mean, std = piv.mean(1), piv.std(1).fillna(0)
/home/user1/greenresearch/samim/HITL/code/make_plots.py:63: Pandas4Warning: Starting with pandas version 4.0 all arguments of mean will be keyword-only.
  mean, std = piv.mean(1), piv.std(1).fillna(0)
/home/user1/greenresearch/samim/HITL/code/make_plots.py:63: Pandas4Warning: Starting with pandas version 4.0 all arguments of std will be keyword-only.
  mean, std = piv.mean(1), piv.std(1).fillna(0)
/home/user1/greenresearch/samim/HITL/code/make_plots.py:63: Pandas4Warning: Starting with pandas version 4.0 all arguments of mean will be keyword-only.
  mean, std = piv.mean(1), piv.std(1).fillna(0)
/home/user1/greenresearch/samim/HITL/code/make_plots.py:63: Pandas4Warning: Starting with pandas version 4.0 all arguments of std will be keyword-only.
  mean, std = piv.mean(1), piv.std(1).fillna(0)
/home/user1/greenresearch/samim/HITL/code/make_plots.py:63: Pandas4Warning: Starting with pandas version 4.0 all arguments of mean will be keyword-only.
  mean, std = piv.mean(1), piv.std(1).fillna(0)
/home/user1/greenresearch/samim/HITL/code/make_plots.py:63: Pandas4Warning: Starting with pandas version 4.0 all arguments of std will be keyword-only.
  mean, std = piv.mean(1), piv.std(1).fillna(0)
/home/user1/greenresearch/samim/HITL/code/make_plots.py:63: Pandas4Warning: Starting with pandas version 4.0 all arguments of mean will be keyword-only.
  mean, std = piv.mean(1), piv.std(1).fillna(0)
/home/user1/greenresearch/samim/HITL/code/make_plots.py:63: Pandas4Warning: Starting with pandas version 4.0 all arguments of std will be keyword-only.
  mean, std = piv.mean(1), piv.std(1).fillna(0)
/home/user1/greenresearch/samim/HITL/code/make_plots.py:63: Pandas4Warning: Starting with pandas version 4.0 all arguments of mean will be keyword-only.
  mean, std = piv.mean(1), piv.std(1).fillna(0)
/home/user1/greenresearch/samim/HITL/code/make_plots.py:63: Pandas4Warning: Starting with pandas version 4.0 all arguments of std will be keyword-only.
  mean, std = piv.mean(1), piv.std(1).fillna(0)
/home/user1/greenresearch/samim/HITL/code/make_plots.py:63: Pandas4Warning: Starting with pandas version 4.0 all arguments of mean will be keyword-only.
  mean, std = piv.mean(1), piv.std(1).fillna(0)
/home/user1/greenresearch/samim/HITL/code/make_plots.py:63: Pandas4Warning: Starting with pandas version 4.0 all arguments of std will be keyword-only.
  mean, std = piv.mean(1), piv.std(1).fillna(0)
/home/user1/greenresearch/samim/HITL/code/make_plots.py:63: Pandas4Warning: Starting with pandas version 4.0 all arguments of mean will be keyword-only.
  mean, std = piv.mean(1), piv.std(1).fillna(0)
/home/user1/greenresearch/samim/HITL/code/make_plots.py:63: Pandas4Warning: Starting with pandas version 4.0 all arguments of std will be keyword-only.
  mean, std = piv.mean(1), piv.std(1).fillna(0)
/home/user1/greenresearch/samim/HITL/code/make_plots.py:63: Pandas4Warning: Starting with pandas version 4.0 all arguments of mean will be keyword-only.
  mean, std = piv.mean(1), piv.std(1).fillna(0)
/home/user1/greenresearch/samim/HITL/code/make_plots.py:63: Pandas4Warning: Starting with pandas version 4.0 all arguments of std will be keyword-only.
  mean, std = piv.mean(1), piv.std(1).fillna(0)
/home/user1/greenresearch/samim/HITL/code/make_plots.py:63: Pandas4Warning: Starting with pandas version 4.0 all arguments of mean will be keyword-only.
  mean, std = piv.mean(1), piv.std(1).fillna(0)
/home/user1/greenresearch/samim/HITL/code/make_plots.py:63: Pandas4Warning: Starting with pandas version 4.0 all arguments of std will be keyword-only.
  mean, std = piv.mean(1), piv.std(1).fillna(0)
/home/user1/greenresearch/samim/HITL/code/make_plots.py:63: Pandas4Warning: Starting with pandas version 4.0 all arguments of mean will be keyword-only.
  mean, std = piv.mean(1), piv.std(1).fillna(0)
/home/user1/greenresearch/samim/HITL/code/make_plots.py:63: Pandas4Warning: Starting with pandas version 4.0 all arguments of std will be keyword-only.
  mean, std = piv.mean(1), piv.std(1).fillna(0)
/home/user1/greenresearch/samim/HITL/code/make_plots.py:63: Pandas4Warning: Starting with pandas version 4.0 all arguments of mean will be keyword-only.
  mean, std = piv.mean(1), piv.std(1).fillna(0)
/home/user1/greenresearch/samim/HITL/code/make_plots.py:63: Pandas4Warning: Starting with pandas version 4.0 all arguments of std will be keyword-only.
  mean, std = piv.mean(1), piv.std(1).fillna(0)
wrote /home/user1/greenresearch/samim/HITL/results/curves_cifar10_noise0.0.png
wrote /home/user1/greenresearch/samim/HITL/results/curves_fmnist_noise0.0.png
wrote /home/user1/greenresearch/samim/HITL/results/curves_fmnist_noise0.2.png
Traceback (most recent call last):
  File "/home/user1/greenresearch/samim/HITL/code/make_plots.py", line 161, in <module>
    main()
    ~~~~^^
  File "/home/user1/greenresearch/samim/HITL/code/make_plots.py", line 103, in main
    best = g.loc[g.aubc_mean.idxmax(), "method"]
                 ~~~~~~~~~~~~~~~~~~^^
  File "/opt/miniconda/lib/python3.13/site-packages/pandas/core/series.py", line 2545, in idxmax
    iloc = self.argmax(axis, skipna, *args, **kwargs)
  File "/opt/miniconda/lib/python3.13/site-packages/pandas/core/base.py", line 814, in argmax
    result = nanops.nanargmax(delegate, skipna=skipna)
  File "/opt/miniconda/lib/python3.13/site-packages/pandas/core/nanops.py", line 1169, in nanargmax
    result = _maybe_arg_null_out(result, axis, mask, skipna)  # type: ignore[arg-type]
  File "/opt/miniconda/lib/python3.13/site-packages/pandas/core/nanops.py", line 1484, in _maybe_arg_null_out
    raise ValueError("Encountered all NA values")
ValueError: Encountered all NA values
wrote /home/user1/greenresearch/samim/HITL/latex/numbers.tex (60 macros)
Mon Aug 24 06:16:44 AM +06 2026 assembled
/home/user1/greenresearch/samim/HITL/code/make_plots.py:63: Pandas4Warning: Starting with pandas version 4.0 all arguments of mean will be keyword-only.
  mean, std = piv.mean(1), piv.std(1).fillna(0)
/home/user1/greenresearch/samim/HITL/code/make_plots.py:63: Pandas4Warning: Starting with pandas version 4.0 all arguments of std will be keyword-only.
  mean, std = piv.mean(1), piv.std(1).fillna(0)
/home/user1/greenresearch/samim/HITL/code/make_plots.py:63: Pandas4Warning: Starting with pandas version 4.0 all arguments of mean will be keyword-only.
  mean, std = piv.mean(1), piv.std(1).fillna(0)
/home/user1/greenresearch/samim/HITL/code/make_plots.py:63: Pandas4Warning: Starting with pandas version 4.0 all arguments of std will be keyword-only.
  mean, std = piv.mean(1), piv.std(1).fillna(0)
/home/user1/greenresearch/samim/HITL/code/make_plots.py:63: Pandas4Warning: Starting with pandas version 4.0 all arguments of mean will be keyword-only.
  mean, std = piv.mean(1), piv.std(1).fillna(0)
/home/user1/greenresearch/samim/HITL/code/make_plots.py:63: Pandas4Warning: Starting with pandas version 4.0 all arguments of std will be keyword-only.
  mean, std = piv.mean(1), piv.std(1).fillna(0)
/home/user1/greenresearch/samim/HITL/code/make_plots.py:63: Pandas4Warning: Starting with pandas version 4.0 all arguments of mean will be keyword-only.
  mean, std = piv.mean(1), piv.std(1).fillna(0)
/home/user1/greenresearch/samim/HITL/code/make_plots.py:63: Pandas4Warning: Starting with pandas version 4.0 all arguments of std will be keyword-only.
  mean, std = piv.mean(1), piv.std(1).fillna(0)
/home/user1/greenresearch/samim/HITL/code/make_plots.py:63: Pandas4Warning: Starting with pandas version 4.0 all arguments of mean will be keyword-only.
  mean, std = piv.mean(1), piv.std(1).fillna(0)
/home/user1/greenresearch/samim/HITL/code/make_plots.py:63: Pandas4Warning: Starting with pandas version 4.0 all arguments of std will be keyword-only.
  mean, std = piv.mean(1), piv.std(1).fillna(0)
/home/user1/greenresearch/samim/HITL/code/make_plots.py:63: Pandas4Warning: Starting with pandas version 4.0 all arguments of mean will be keyword-only.
  mean, std = piv.mean(1), piv.std(1).fillna(0)
/home/user1/greenresearch/samim/HITL/code/make_plots.py:63: Pandas4Warning: Starting with pandas version 4.0 all arguments of std will be keyword-only.
  mean, std = piv.mean(1), piv.std(1).fillna(0)
/home/user1/greenresearch/samim/HITL/code/make_plots.py:63: Pandas4Warning: Starting with pandas version 4.0 all arguments of mean will be keyword-only.
  mean, std = piv.mean(1), piv.std(1).fillna(0)
/home/user1/greenresearch/samim/HITL/code/make_plots.py:63: Pandas4Warning: Starting with pandas version 4.0 all arguments of std will be keyword-only.
  mean, std = piv.mean(1), piv.std(1).fillna(0)
/home/user1/greenresearch/samim/HITL/code/make_plots.py:63: Pandas4Warning: Starting with pandas version 4.0 all arguments of mean will be keyword-only.
  mean, std = piv.mean(1), piv.std(1).fillna(0)
/home/user1/greenresearch/samim/HITL/code/make_plots.py:63: Pandas4Warning: Starting with pandas version 4.0 all arguments of std will be keyword-only.
  mean, std = piv.mean(1), piv.std(1).fillna(0)
/home/user1/greenresearch/samim/HITL/code/make_plots.py:63: Pandas4Warning: Starting with pandas version 4.0 all arguments of mean will be keyword-only.
  mean, std = piv.mean(1), piv.std(1).fillna(0)
/home/user1/greenresearch/samim/HITL/code/make_plots.py:63: Pandas4Warning: Starting with pandas version 4.0 all arguments of std will be keyword-only.
  mean, std = piv.mean(1), piv.std(1).fillna(0)
/home/user1/greenresearch/samim/HITL/code/make_plots.py:63: Pandas4Warning: Starting with pandas version 4.0 all arguments of mean will be keyword-only.
  mean, std = piv.mean(1), piv.std(1).fillna(0)
/home/user1/greenresearch/samim/HITL/code/make_plots.py:63: Pandas4Warning: Starting with pandas version 4.0 all arguments of std will be keyword-only.
  mean, std = piv.mean(1), piv.std(1).fillna(0)
/home/user1/greenresearch/samim/HITL/code/make_plots.py:63: Pandas4Warning: Starting with pandas version 4.0 all arguments of mean will be keyword-only.
  mean, std = piv.mean(1), piv.std(1).fillna(0)
/home/user1/greenresearch/samim/HITL/code/make_plots.py:63: Pandas4Warning: Starting with pandas version 4.0 all arguments of std will be keyword-only.
  mean, std = piv.mean(1), piv.std(1).fillna(0)
/home/user1/greenresearch/samim/HITL/code/make_plots.py:63: Pandas4Warning: Starting with pandas version 4.0 all arguments of mean will be keyword-only.
  mean, std = piv.mean(1), piv.std(1).fillna(0)
/home/user1/greenresearch/samim/HITL/code/make_plots.py:63: Pandas4Warning: Starting with pandas version 4.0 all arguments of std will be keyword-only.
  mean, std = piv.mean(1), piv.std(1).fillna(0)
/home/user1/greenresearch/samim/HITL/code/make_plots.py:63: Pandas4Warning: Starting with pandas version 4.0 all arguments of mean will be keyword-only.
  mean, std = piv.mean(1), piv.std(1).fillna(0)
/home/user1/greenresearch/samim/HITL/code/make_plots.py:63: Pandas4Warning: Starting with pandas version 4.0 all arguments of std will be keyword-only.
  mean, std = piv.mean(1), piv.std(1).fillna(0)
/home/user1/greenresearch/samim/HITL/code/make_plots.py:63: Pandas4Warning: Starting with pandas version 4.0 all arguments of mean will be keyword-only.
  mean, std = piv.mean(1), piv.std(1).fillna(0)
/home/user1/greenresearch/samim/HITL/code/make_plots.py:63: Pandas4Warning: Starting with pandas version 4.0 all arguments of std will be keyword-only.
  mean, std = piv.mean(1), piv.std(1).fillna(0)
/home/user1/greenresearch/samim/HITL/code/make_plots.py:142: Pandas4Warning: Starting with pandas version 4.0 all arguments of mean will be keyword-only.
  ax.plot(piv_i.index, piv_i.mean(1), "o-", color="#d32f2f",
/home/user1/greenresearch/samim/HITL/code/make_plots.py:144: Pandas4Warning: Starting with pandas version 4.0 all arguments of mean will be keyword-only.
  ax.plot(piv_e.index, piv_e.mean(1), "s--", color="#1976d2",
wrote /home/user1/greenresearch/samim/HITL/results/curves_cifar10_noise0.0.png
wrote /home/user1/greenresearch/samim/HITL/results/curves_fmnist_noise0.0.png
wrote /home/user1/greenresearch/samim/HITL/results/curves_fmnist_noise0.2.png
wrote summary tables
wrote /home/user1/greenresearch/samim/HITL/results/diagnostics_auroc.png
dataset  noise     method  n_seeds  final_acc_mean  final_acc_std  aubc_mean  aubc_std
cifar10    0.0     random        3        0.741600       0.005745   0.620830  0.008789
cifar10    0.0    entropy        3             NaN            NaN        NaN       NaN
 fmnist    0.0     random        3        0.864167       0.003643   0.818380  0.002411
 fmnist    0.0    entropy        3        0.867933       0.006852   0.822770  0.004082
 fmnist    0.0       bald        3        0.878733       0.005055   0.825850  0.007628
 fmnist    0.0    coreset        3        0.834700       0.000990   0.809653  0.007248
 fmnist    0.0       iris        3        0.875067       0.004297   0.826477  0.009391
 fmnist    0.0 iris-nodiv        3        0.863767       0.009882   0.810563  0.010554
 fmnist    0.2     random        3        0.842400       0.003034   0.796797  0.002498
 fmnist    0.2    entropy        3        0.846933       0.004701   0.794210  0.007607
 fmnist    0.2       bald        3        0.821067       0.000694   0.775230  0.000601
 fmnist    0.2    coreset        3        0.815600       0.008747   0.783157  0.004850
 fmnist    0.2       iris        3        0.848733       0.005432   0.800497  0.003624
 fmnist    0.2 iris-norel        3        0.845633       0.007410   0.797500  0.000878
wrote /home/user1/greenresearch/samim/HITL/latex/numbers.tex (64 macros)
Mon Aug 24 06:46:46 AM +06 2026 assembled
/home/user1/greenresearch/samim/HITL/code/make_plots.py:63: Pandas4Warning: Starting with pandas version 4.0 all arguments of mean will be keyword-only.
  mean, std = piv.mean(1), piv.std(1).fillna(0)
/home/user1/greenresearch/samim/HITL/code/make_plots.py:63: Pandas4Warning: Starting with pandas version 4.0 all arguments of std will be keyword-only.
  mean, std = piv.mean(1), piv.std(1).fillna(0)
/home/user1/greenresearch/samim/HITL/code/make_plots.py:63: Pandas4Warning: Starting with pandas version 4.0 all arguments of mean will be keyword-only.
  mean, std = piv.mean(1), piv.std(1).fillna(0)
/home/user1/greenresearch/samim/HITL/code/make_plots.py:63: Pandas4Warning: Starting with pandas version 4.0 all arguments of std will be keyword-only.
  mean, std = piv.mean(1), piv.std(1).fillna(0)
/home/user1/greenresearch/samim/HITL/code/make_plots.py:63: Pandas4Warning: Starting with pandas version 4.0 all arguments of mean will be keyword-only.
  mean, std = piv.mean(1), piv.std(1).fillna(0)
/home/user1/greenresearch/samim/HITL/code/make_plots.py:63: Pandas4Warning: Starting with pandas version 4.0 all arguments of std will be keyword-only.
  mean, std = piv.mean(1), piv.std(1).fillna(0)
/home/user1/greenresearch/samim/HITL/code/make_plots.py:63: Pandas4Warning: Starting with pandas version 4.0 all arguments of mean will be keyword-only.
  mean, std = piv.mean(1), piv.std(1).fillna(0)
/home/user1/greenresearch/samim/HITL/code/make_plots.py:63: Pandas4Warning: Starting with pandas version 4.0 all arguments of std will be keyword-only.
  mean, std = piv.mean(1), piv.std(1).fillna(0)
/home/user1/greenresearch/samim/HITL/code/make_plots.py:63: Pandas4Warning: Starting with pandas version 4.0 all arguments of mean will be keyword-only.
  mean, std = piv.mean(1), piv.std(1).fillna(0)
/home/user1/greenresearch/samim/HITL/code/make_plots.py:63: Pandas4Warning: Starting with pandas version 4.0 all arguments of std will be keyword-only.
  mean, std = piv.mean(1), piv.std(1).fillna(0)
/home/user1/greenresearch/samim/HITL/code/make_plots.py:63: Pandas4Warning: Starting with pandas version 4.0 all arguments of mean will be keyword-only.
  mean, std = piv.mean(1), piv.std(1).fillna(0)
/home/user1/greenresearch/samim/HITL/code/make_plots.py:63: Pandas4Warning: Starting with pandas version 4.0 all arguments of std will be keyword-only.
  mean, std = piv.mean(1), piv.std(1).fillna(0)
/home/user1/greenresearch/samim/HITL/code/make_plots.py:63: Pandas4Warning: Starting with pandas version 4.0 all arguments of mean will be keyword-only.
  mean, std = piv.mean(1), piv.std(1).fillna(0)
/home/user1/greenresearch/samim/HITL/code/make_plots.py:63: Pandas4Warning: Starting with pandas version 4.0 all arguments of std will be keyword-only.
  mean, std = piv.mean(1), piv.std(1).fillna(0)
/home/user1/greenresearch/samim/HITL/code/make_plots.py:63: Pandas4Warning: Starting with pandas version 4.0 all arguments of mean will be keyword-only.
  mean, std = piv.mean(1), piv.std(1).fillna(0)
/home/user1/greenresearch/samim/HITL/code/make_plots.py:63: Pandas4Warning: Starting with pandas version 4.0 all arguments of std will be keyword-only.
  mean, std = piv.mean(1), piv.std(1).fillna(0)
/home/user1/greenresearch/samim/HITL/code/make_plots.py:63: Pandas4Warning: Starting with pandas version 4.0 all arguments of mean will be keyword-only.
  mean, std = piv.mean(1), piv.std(1).fillna(0)
/home/user1/greenresearch/samim/HITL/code/make_plots.py:63: Pandas4Warning: Starting with pandas version 4.0 all arguments of std will be keyword-only.
  mean, std = piv.mean(1), piv.std(1).fillna(0)
/home/user1/greenresearch/samim/HITL/code/make_plots.py:63: Pandas4Warning: Starting with pandas version 4.0 all arguments of mean will be keyword-only.
  mean, std = piv.mean(1), piv.std(1).fillna(0)
/home/user1/greenresearch/samim/HITL/code/make_plots.py:63: Pandas4Warning: Starting with pandas version 4.0 all arguments of std will be keyword-only.
  mean, std = piv.mean(1), piv.std(1).fillna(0)
/home/user1/greenresearch/samim/HITL/code/make_plots.py:63: Pandas4Warning: Starting with pandas version 4.0 all arguments of mean will be keyword-only.
  mean, std = piv.mean(1), piv.std(1).fillna(0)
/home/user1/greenresearch/samim/HITL/code/make_plots.py:63: Pandas4Warning: Starting with pandas version 4.0 all arguments of std will be keyword-only.
  mean, std = piv.mean(1), piv.std(1).fillna(0)
/home/user1/greenresearch/samim/HITL/code/make_plots.py:63: Pandas4Warning: Starting with pandas version 4.0 all arguments of mean will be keyword-only.
  mean, std = piv.mean(1), piv.std(1).fillna(0)
/home/user1/greenresearch/samim/HITL/code/make_plots.py:63: Pandas4Warning: Starting with pandas version 4.0 all arguments of std will be keyword-only.
  mean, std = piv.mean(1), piv.std(1).fillna(0)
/home/user1/greenresearch/samim/HITL/code/make_plots.py:63: Pandas4Warning: Starting with pandas version 4.0 all arguments of mean will be keyword-only.
  mean, std = piv.mean(1), piv.std(1).fillna(0)
/home/user1/greenresearch/samim/HITL/code/make_plots.py:63: Pandas4Warning: Starting with pandas version 4.0 all arguments of std will be keyword-only.
  mean, std = piv.mean(1), piv.std(1).fillna(0)
/home/user1/greenresearch/samim/HITL/code/make_plots.py:63: Pandas4Warning: Starting with pandas version 4.0 all arguments of mean will be keyword-only.
  mean, std = piv.mean(1), piv.std(1).fillna(0)
/home/user1/greenresearch/samim/HITL/code/make_plots.py:63: Pandas4Warning: Starting with pandas version 4.0 all arguments of std will be keyword-only.
  mean, std = piv.mean(1), piv.std(1).fillna(0)
/home/user1/greenresearch/samim/HITL/code/make_plots.py:63: Pandas4Warning: Starting with pandas version 4.0 all arguments of mean will be keyword-only.
  mean, std = piv.mean(1), piv.std(1).fillna(0)
/home/user1/greenresearch/samim/HITL/code/make_plots.py:63: Pandas4Warning: Starting with pandas version 4.0 all arguments of std will be keyword-only.
  mean, std = piv.mean(1), piv.std(1).fillna(0)
/home/user1/greenresearch/samim/HITL/code/make_plots.py:142: Pandas4Warning: Starting with pandas version 4.0 all arguments of mean will be keyword-only.
  ax.plot(piv_i.index, piv_i.mean(1), "o-", color="#d32f2f",
/home/user1/greenresearch/samim/HITL/code/make_plots.py:144: Pandas4Warning: Starting with pandas version 4.0 all arguments of mean will be keyword-only.
  ax.plot(piv_e.index, piv_e.mean(1), "s--", color="#1976d2",
wrote /home/user1/greenresearch/samim/HITL/results/curves_cifar10_noise0.0.png
wrote /home/user1/greenresearch/samim/HITL/results/curves_fmnist_noise0.0.png
wrote /home/user1/greenresearch/samim/HITL/results/curves_fmnist_noise0.2.png
wrote summary tables
wrote /home/user1/greenresearch/samim/HITL/results/diagnostics_auroc.png
dataset  noise     method  n_seeds  final_acc_mean  final_acc_std  aubc_mean  aubc_std
cifar10    0.0     random        3        0.741600       0.005745   0.620830  0.008789
cifar10    0.0    entropy        3        0.732367       0.017948   0.600317  0.009491
cifar10    0.0       bald        2             NaN            NaN        NaN       NaN
 fmnist    0.0     random        3        0.864167       0.003643   0.818380  0.002411
 fmnist    0.0    entropy        3        0.867933       0.006852   0.822770  0.004082
 fmnist    0.0       bald        3        0.878733       0.005055   0.825850  0.007628
 fmnist    0.0    coreset        3        0.834700       0.000990   0.809653  0.007248
 fmnist    0.0       iris        3        0.875067       0.004297   0.826477  0.009391
 fmnist    0.0 iris-nodiv        3        0.863767       0.009882   0.810563  0.010554
 fmnist    0.2     random        3        0.842400       0.003034   0.796797  0.002498
 fmnist    0.2    entropy        3        0.846933       0.004701   0.794210  0.007607
 fmnist    0.2       bald        3        0.821067       0.000694   0.775230  0.000601
 fmnist    0.2    coreset        3        0.815600       0.008747   0.783157  0.004850
 fmnist    0.2       iris        3        0.848733       0.005432   0.800497  0.003624
 fmnist    0.2 iris-norel        3        0.845633       0.007410   0.797500  0.000878
wrote /home/user1/greenresearch/samim/HITL/latex/numbers.tex (68 macros)
Mon Aug 24 07:16:47 AM +06 2026 assembled
/home/user1/greenresearch/samim/HITL/code/make_plots.py:63: Pandas4Warning: Starting with pandas version 4.0 all arguments of mean will be keyword-only.
  mean, std = piv.mean(1), piv.std(1).fillna(0)
/home/user1/greenresearch/samim/HITL/code/make_plots.py:63: Pandas4Warning: Starting with pandas version 4.0 all arguments of std will be keyword-only.
  mean, std = piv.mean(1), piv.std(1).fillna(0)
/home/user1/greenresearch/samim/HITL/code/make_plots.py:63: Pandas4Warning: Starting with pandas version 4.0 all arguments of mean will be keyword-only.
  mean, std = piv.mean(1), piv.std(1).fillna(0)
/home/user1/greenresearch/samim/HITL/code/make_plots.py:63: Pandas4Warning: Starting with pandas version 4.0 all arguments of std will be keyword-only.
  mean, std = piv.mean(1), piv.std(1).fillna(0)
/home/user1/greenresearch/samim/HITL/code/make_plots.py:63: Pandas4Warning: Starting with pandas version 4.0 all arguments of mean will be keyword-only.
  mean, std = piv.mean(1), piv.std(1).fillna(0)
/home/user1/greenresearch/samim/HITL/code/make_plots.py:63: Pandas4Warning: Starting with pandas version 4.0 all arguments of std will be keyword-only.
  mean, std = piv.mean(1), piv.std(1).fillna(0)
/home/user1/greenresearch/samim/HITL/code/make_plots.py:63: Pandas4Warning: Starting with pandas version 4.0 all arguments of mean will be keyword-only.
  mean, std = piv.mean(1), piv.std(1).fillna(0)
/home/user1/greenresearch/samim/HITL/code/make_plots.py:63: Pandas4Warning: Starting with pandas version 4.0 all arguments of std will be keyword-only.
  mean, std = piv.mean(1), piv.std(1).fillna(0)
/home/user1/greenresearch/samim/HITL/code/make_plots.py:63: Pandas4Warning: Starting with pandas version 4.0 all arguments of mean will be keyword-only.
  mean, std = piv.mean(1), piv.std(1).fillna(0)
/home/user1/greenresearch/samim/HITL/code/make_plots.py:63: Pandas4Warning: Starting with pandas version 4.0 all arguments of std will be keyword-only.
  mean, std = piv.mean(1), piv.std(1).fillna(0)
/home/user1/greenresearch/samim/HITL/code/make_plots.py:63: Pandas4Warning: Starting with pandas version 4.0 all arguments of mean will be keyword-only.
  mean, std = piv.mean(1), piv.std(1).fillna(0)
/home/user1/greenresearch/samim/HITL/code/make_plots.py:63: Pandas4Warning: Starting with pandas version 4.0 all arguments of std will be keyword-only.
  mean, std = piv.mean(1), piv.std(1).fillna(0)
/home/user1/greenresearch/samim/HITL/code/make_plots.py:63: Pandas4Warning: Starting with pandas version 4.0 all arguments of mean will be keyword-only.
  mean, std = piv.mean(1), piv.std(1).fillna(0)
/home/user1/greenresearch/samim/HITL/code/make_plots.py:63: Pandas4Warning: Starting with pandas version 4.0 all arguments of std will be keyword-only.
  mean, std = piv.mean(1), piv.std(1).fillna(0)
/home/user1/greenresearch/samim/HITL/code/make_plots.py:63: Pandas4Warning: Starting with pandas version 4.0 all arguments of mean will be keyword-only.
  mean, std = piv.mean(1), piv.std(1).fillna(0)
/home/user1/greenresearch/samim/HITL/code/make_plots.py:63: Pandas4Warning: Starting with pandas version 4.0 all arguments of std will be keyword-only.
  mean, std = piv.mean(1), piv.std(1).fillna(0)
/home/user1/greenresearch/samim/HITL/code/make_plots.py:63: Pandas4Warning: Starting with pandas version 4.0 all arguments of mean will be keyword-only.
  mean, std = piv.mean(1), piv.std(1).fillna(0)
/home/user1/greenresearch/samim/HITL/code/make_plots.py:63: Pandas4Warning: Starting with pandas version 4.0 all arguments of std will be keyword-only.
  mean, std = piv.mean(1), piv.std(1).fillna(0)
/home/user1/greenresearch/samim/HITL/code/make_plots.py:63: Pandas4Warning: Starting with pandas version 4.0 all arguments of mean will be keyword-only.
  mean, std = piv.mean(1), piv.std(1).fillna(0)
/home/user1/greenresearch/samim/HITL/code/make_plots.py:63: Pandas4Warning: Starting with pandas version 4.0 all arguments of std will be keyword-only.
  mean, std = piv.mean(1), piv.std(1).fillna(0)
/home/user1/greenresearch/samim/HITL/code/make_plots.py:63: Pandas4Warning: Starting with pandas version 4.0 all arguments of mean will be keyword-only.
  mean, std = piv.mean(1), piv.std(1).fillna(0)
/home/user1/greenresearch/samim/HITL/code/make_plots.py:63: Pandas4Warning: Starting with pandas version 4.0 all arguments of std will be keyword-only.
  mean, std = piv.mean(1), piv.std(1).fillna(0)
/home/user1/greenresearch/samim/HITL/code/make_plots.py:63: Pandas4Warning: Starting with pandas version 4.0 all arguments of mean will be keyword-only.
  mean, std = piv.mean(1), piv.std(1).fillna(0)
/home/user1/greenresearch/samim/HITL/code/make_plots.py:63: Pandas4Warning: Starting with pandas version 4.0 all arguments of std will be keyword-only.
  mean, std = piv.mean(1), piv.std(1).fillna(0)
/home/user1/greenresearch/samim/HITL/code/make_plots.py:63: Pandas4Warning: Starting with pandas version 4.0 all arguments of mean will be keyword-only.
  mean, std = piv.mean(1), piv.std(1).fillna(0)
/home/user1/greenresearch/samim/HITL/code/make_plots.py:63: Pandas4Warning: Starting with pandas version 4.0 all arguments of std will be keyword-only.
  mean, std = piv.mean(1), piv.std(1).fillna(0)
/home/user1/greenresearch/samim/HITL/code/make_plots.py:63: Pandas4Warning: Starting with pandas version 4.0 all arguments of mean will be keyword-only.
  mean, std = piv.mean(1), piv.std(1).fillna(0)
/home/user1/greenresearch/samim/HITL/code/make_plots.py:63: Pandas4Warning: Starting with pandas version 4.0 all arguments of std will be keyword-only.
  mean, std = piv.mean(1), piv.std(1).fillna(0)
/home/user1/greenresearch/samim/HITL/code/make_plots.py:63: Pandas4Warning: Starting with pandas version 4.0 all arguments of mean will be keyword-only.
  mean, std = piv.mean(1), piv.std(1).fillna(0)
/home/user1/greenresearch/samim/HITL/code/make_plots.py:63: Pandas4Warning: Starting with pandas version 4.0 all arguments of std will be keyword-only.
  mean, std = piv.mean(1), piv.std(1).fillna(0)
/home/user1/greenresearch/samim/HITL/code/make_plots.py:63: Pandas4Warning: Starting with pandas version 4.0 all arguments of mean will be keyword-only.
  mean, std = piv.mean(1), piv.std(1).fillna(0)
/home/user1/greenresearch/samim/HITL/code/make_plots.py:63: Pandas4Warning: Starting with pandas version 4.0 all arguments of std will be keyword-only.
  mean, std = piv.mean(1), piv.std(1).fillna(0)
/home/user1/greenresearch/samim/HITL/code/make_plots.py:142: Pandas4Warning: Starting with pandas version 4.0 all arguments of mean will be keyword-only.
  ax.plot(piv_i.index, piv_i.mean(1), "o-", color="#d32f2f",
/home/user1/greenresearch/samim/HITL/code/make_plots.py:144: Pandas4Warning: Starting with pandas version 4.0 all arguments of mean will be keyword-only.
  ax.plot(piv_e.index, piv_e.mean(1), "s--", color="#1976d2",
wrote /home/user1/greenresearch/samim/HITL/results/curves_cifar10_noise0.0.png
wrote /home/user1/greenresearch/samim/HITL/results/curves_fmnist_noise0.0.png
wrote /home/user1/greenresearch/samim/HITL/results/curves_fmnist_noise0.2.png
wrote summary tables
wrote /home/user1/greenresearch/samim/HITL/results/diagnostics_auroc.png
dataset  noise     method  n_seeds  final_acc_mean  final_acc_std  aubc_mean  aubc_std
cifar10    0.0     random        3        0.741600       0.005745   0.620830  0.008789
cifar10    0.0    entropy        3        0.732367       0.017948   0.600317  0.009491
cifar10    0.0       bald        3        0.740700       0.001061   0.611367  0.001853
cifar10    0.0    coreset        1        0.578100       0.000000   0.524925  0.000000
 fmnist    0.0     random        3        0.864167       0.003643   0.818380  0.002411
 fmnist    0.0    entropy        3        0.867933       0.006852   0.822770  0.004082
 fmnist    0.0       bald        3        0.878733       0.005055   0.825850  0.007628
 fmnist    0.0    coreset        3        0.834700       0.000990   0.809653  0.007248
 fmnist    0.0       iris        3        0.875067       0.004297   0.826477  0.009391
 fmnist    0.0 iris-nodiv        3        0.863767       0.009882   0.810563  0.010554
 fmnist    0.2     random        3        0.842400       0.003034   0.796797  0.002498
 fmnist    0.2    entropy        3        0.846933       0.004701   0.794210  0.007607
 fmnist    0.2       bald        3        0.821067       0.000694   0.775230  0.000601
 fmnist    0.2    coreset        3        0.815600       0.008747   0.783157  0.004850
 fmnist    0.2       iris        3        0.848733       0.005432   0.800497  0.003624
 fmnist    0.2 iris-norel        3        0.845633       0.007410   0.797500  0.000878
wrote /home/user1/greenresearch/samim/HITL/latex/numbers.tex (72 macros)
Mon Aug 24 07:46:49 AM +06 2026 assembled
/home/user1/greenresearch/samim/HITL/code/make_plots.py:63: Pandas4Warning: Starting with pandas version 4.0 all arguments of mean will be keyword-only.
  mean, std = piv.mean(1), piv.std(1).fillna(0)
/home/user1/greenresearch/samim/HITL/code/make_plots.py:63: Pandas4Warning: Starting with pandas version 4.0 all arguments of std will be keyword-only.
  mean, std = piv.mean(1), piv.std(1).fillna(0)
/home/user1/greenresearch/samim/HITL/code/make_plots.py:63: Pandas4Warning: Starting with pandas version 4.0 all arguments of mean will be keyword-only.
  mean, std = piv.mean(1), piv.std(1).fillna(0)
/home/user1/greenresearch/samim/HITL/code/make_plots.py:63: Pandas4Warning: Starting with pandas version 4.0 all arguments of std will be keyword-only.
  mean, std = piv.mean(1), piv.std(1).fillna(0)
/home/user1/greenresearch/samim/HITL/code/make_plots.py:63: Pandas4Warning: Starting with pandas version 4.0 all arguments of mean will be keyword-only.
  mean, std = piv.mean(1), piv.std(1).fillna(0)
/home/user1/greenresearch/samim/HITL/code/make_plots.py:63: Pandas4Warning: Starting with pandas version 4.0 all arguments of std will be keyword-only.
  mean, std = piv.mean(1), piv.std(1).fillna(0)
/home/user1/greenresearch/samim/HITL/code/make_plots.py:63: Pandas4Warning: Starting with pandas version 4.0 all arguments of mean will be keyword-only.
  mean, std = piv.mean(1), piv.std(1).fillna(0)
/home/user1/greenresearch/samim/HITL/code/make_plots.py:63: Pandas4Warning: Starting with pandas version 4.0 all arguments of std will be keyword-only.
  mean, std = piv.mean(1), piv.std(1).fillna(0)
/home/user1/greenresearch/samim/HITL/code/make_plots.py:63: Pandas4Warning: Starting with pandas version 4.0 all arguments of mean will be keyword-only.
  mean, std = piv.mean(1), piv.std(1).fillna(0)
/home/user1/greenresearch/samim/HITL/code/make_plots.py:63: Pandas4Warning: Starting with pandas version 4.0 all arguments of std will be keyword-only.
  mean, std = piv.mean(1), piv.std(1).fillna(0)
/home/user1/greenresearch/samim/HITL/code/make_plots.py:63: Pandas4Warning: Starting with pandas version 4.0 all arguments of mean will be keyword-only.
  mean, std = piv.mean(1), piv.std(1).fillna(0)
/home/user1/greenresearch/samim/HITL/code/make_plots.py:63: Pandas4Warning: Starting with pandas version 4.0 all arguments of std will be keyword-only.
  mean, std = piv.mean(1), piv.std(1).fillna(0)
/home/user1/greenresearch/samim/HITL/code/make_plots.py:63: Pandas4Warning: Starting with pandas version 4.0 all arguments of mean will be keyword-only.
  mean, std = piv.mean(1), piv.std(1).fillna(0)
/home/user1/greenresearch/samim/HITL/code/make_plots.py:63: Pandas4Warning: Starting with pandas version 4.0 all arguments of std will be keyword-only.
  mean, std = piv.mean(1), piv.std(1).fillna(0)
/home/user1/greenresearch/samim/HITL/code/make_plots.py:63: Pandas4Warning: Starting with pandas version 4.0 all arguments of mean will be keyword-only.
  mean, std = piv.mean(1), piv.std(1).fillna(0)
/home/user1/greenresearch/samim/HITL/code/make_plots.py:63: Pandas4Warning: Starting with pandas version 4.0 all arguments of std will be keyword-only.
  mean, std = piv.mean(1), piv.std(1).fillna(0)
/home/user1/greenresearch/samim/HITL/code/make_plots.py:63: Pandas4Warning: Starting with pandas version 4.0 all arguments of mean will be keyword-only.
  mean, std = piv.mean(1), piv.std(1).fillna(0)
/home/user1/greenresearch/samim/HITL/code/make_plots.py:63: Pandas4Warning: Starting with pandas version 4.0 all arguments of std will be keyword-only.
  mean, std = piv.mean(1), piv.std(1).fillna(0)
/home/user1/greenresearch/samim/HITL/code/make_plots.py:63: Pandas4Warning: Starting with pandas version 4.0 all arguments of mean will be keyword-only.
  mean, std = piv.mean(1), piv.std(1).fillna(0)
/home/user1/greenresearch/samim/HITL/code/make_plots.py:63: Pandas4Warning: Starting with pandas version 4.0 all arguments of std will be keyword-only.
  mean, std = piv.mean(1), piv.std(1).fillna(0)
/home/user1/greenresearch/samim/HITL/code/make_plots.py:63: Pandas4Warning: Starting with pandas version 4.0 all arguments of mean will be keyword-only.
  mean, std = piv.mean(1), piv.std(1).fillna(0)
/home/user1/greenresearch/samim/HITL/code/make_plots.py:63: Pandas4Warning: Starting with pandas version 4.0 all arguments of std will be keyword-only.
  mean, std = piv.mean(1), piv.std(1).fillna(0)
/home/user1/greenresearch/samim/HITL/code/make_plots.py:63: Pandas4Warning: Starting with pandas version 4.0 all arguments of mean will be keyword-only.
  mean, std = piv.mean(1), piv.std(1).fillna(0)
/home/user1/greenresearch/samim/HITL/code/make_plots.py:63: Pandas4Warning: Starting with pandas version 4.0 all arguments of std will be keyword-only.
  mean, std = piv.mean(1), piv.std(1).fillna(0)
/home/user1/greenresearch/samim/HITL/code/make_plots.py:63: Pandas4Warning: Starting with pandas version 4.0 all arguments of mean will be keyword-only.
  mean, std = piv.mean(1), piv.std(1).fillna(0)
/home/user1/greenresearch/samim/HITL/code/make_plots.py:63: Pandas4Warning: Starting with pandas version 4.0 all arguments of std will be keyword-only.
  mean, std = piv.mean(1), piv.std(1).fillna(0)
/home/user1/greenresearch/samim/HITL/code/make_plots.py:63: Pandas4Warning: Starting with pandas version 4.0 all arguments of mean will be keyword-only.
  mean, std = piv.mean(1), piv.std(1).fillna(0)
/home/user1/greenresearch/samim/HITL/code/make_plots.py:63: Pandas4Warning: Starting with pandas version 4.0 all arguments of std will be keyword-only.
  mean, std = piv.mean(1), piv.std(1).fillna(0)
/home/user1/greenresearch/samim/HITL/code/make_plots.py:63: Pandas4Warning: Starting with pandas version 4.0 all arguments of mean will be keyword-only.
  mean, std = piv.mean(1), piv.std(1).fillna(0)
/home/user1/greenresearch/samim/HITL/code/make_plots.py:63: Pandas4Warning: Starting with pandas version 4.0 all arguments of std will be keyword-only.
  mean, std = piv.mean(1), piv.std(1).fillna(0)
/home/user1/greenresearch/samim/HITL/code/make_plots.py:63: Pandas4Warning: Starting with pandas version 4.0 all arguments of mean will be keyword-only.
  mean, std = piv.mean(1), piv.std(1).fillna(0)
/home/user1/greenresearch/samim/HITL/code/make_plots.py:63: Pandas4Warning: Starting with pandas version 4.0 all arguments of std will be keyword-only.
  mean, std = piv.mean(1), piv.std(1).fillna(0)
/home/user1/greenresearch/samim/HITL/code/make_plots.py:142: Pandas4Warning: Starting with pandas version 4.0 all arguments of mean will be keyword-only.
  ax.plot(piv_i.index, piv_i.mean(1), "o-", color="#d32f2f",
/home/user1/greenresearch/samim/HITL/code/make_plots.py:144: Pandas4Warning: Starting with pandas version 4.0 all arguments of mean will be keyword-only.
  ax.plot(piv_e.index, piv_e.mean(1), "s--", color="#1976d2",
wrote /home/user1/greenresearch/samim/HITL/results/curves_cifar10_noise0.0.png
wrote /home/user1/greenresearch/samim/HITL/results/curves_fmnist_noise0.0.png
wrote /home/user1/greenresearch/samim/HITL/results/curves_fmnist_noise0.2.png
wrote summary tables
wrote /home/user1/greenresearch/samim/HITL/results/diagnostics_auroc.png
dataset  noise     method  n_seeds  final_acc_mean  final_acc_std  aubc_mean  aubc_std
cifar10    0.0     random        3        0.741600       0.005745   0.620830  0.008789
cifar10    0.0    entropy        3        0.732367       0.017948   0.600317  0.009491
cifar10    0.0       bald        3        0.740700       0.001061   0.611367  0.001853
cifar10    0.0    coreset        3             NaN            NaN        NaN       NaN
 fmnist    0.0     random        3        0.864167       0.003643   0.818380  0.002411
 fmnist    0.0    entropy        3        0.867933       0.006852   0.822770  0.004082
 fmnist    0.0       bald        3        0.878733       0.005055   0.825850  0.007628
 fmnist    0.0    coreset        3        0.834700       0.000990   0.809653  0.007248
 fmnist    0.0       iris        3        0.875067       0.004297   0.826477  0.009391
 fmnist    0.0 iris-nodiv        3        0.863767       0.009882   0.810563  0.010554
 fmnist    0.2     random        3        0.842400       0.003034   0.796797  0.002498
 fmnist    0.2    entropy        3        0.846933       0.004701   0.794210  0.007607
 fmnist    0.2       bald        3        0.821067       0.000694   0.775230  0.000601
 fmnist    0.2    coreset        3        0.815600       0.008747   0.783157  0.004850
 fmnist    0.2       iris        3        0.848733       0.005432   0.800497  0.003624
 fmnist    0.2 iris-norel        3        0.845633       0.007410   0.797500  0.000878
wrote /home/user1/greenresearch/samim/HITL/latex/numbers.tex (72 macros)
Mon Aug 24 08:16:50 AM +06 2026 assembled
/home/user1/greenresearch/samim/HITL/code/make_plots.py:63: Pandas4Warning: Starting with pandas version 4.0 all arguments of mean will be keyword-only.
  mean, std = piv.mean(1), piv.std(1).fillna(0)
/home/user1/greenresearch/samim/HITL/code/make_plots.py:63: Pandas4Warning: Starting with pandas version 4.0 all arguments of std will be keyword-only.
  mean, std = piv.mean(1), piv.std(1).fillna(0)
/home/user1/greenresearch/samim/HITL/code/make_plots.py:63: Pandas4Warning: Starting with pandas version 4.0 all arguments of mean will be keyword-only.
  mean, std = piv.mean(1), piv.std(1).fillna(0)
/home/user1/greenresearch/samim/HITL/code/make_plots.py:63: Pandas4Warning: Starting with pandas version 4.0 all arguments of std will be keyword-only.
  mean, std = piv.mean(1), piv.std(1).fillna(0)
/home/user1/greenresearch/samim/HITL/code/make_plots.py:63: Pandas4Warning: Starting with pandas version 4.0 all arguments of mean will be keyword-only.
  mean, std = piv.mean(1), piv.std(1).fillna(0)
/home/user1/greenresearch/samim/HITL/code/make_plots.py:63: Pandas4Warning: Starting with pandas version 4.0 all arguments of std will be keyword-only.
  mean, std = piv.mean(1), piv.std(1).fillna(0)
/home/user1/greenresearch/samim/HITL/code/make_plots.py:63: Pandas4Warning: Starting with pandas version 4.0 all arguments of mean will be keyword-only.
  mean, std = piv.mean(1), piv.std(1).fillna(0)
/home/user1/greenresearch/samim/HITL/code/make_plots.py:63: Pandas4Warning: Starting with pandas version 4.0 all arguments of std will be keyword-only.
  mean, std = piv.mean(1), piv.std(1).fillna(0)
/home/user1/greenresearch/samim/HITL/code/make_plots.py:63: Pandas4Warning: Starting with pandas version 4.0 all arguments of mean will be keyword-only.
  mean, std = piv.mean(1), piv.std(1).fillna(0)
/home/user1/greenresearch/samim/HITL/code/make_plots.py:63: Pandas4Warning: Starting with pandas version 4.0 all arguments of std will be keyword-only.
  mean, std = piv.mean(1), piv.std(1).fillna(0)
/home/user1/greenresearch/samim/HITL/code/make_plots.py:63: Pandas4Warning: Starting with pandas version 4.0 all arguments of mean will be keyword-only.
  mean, std = piv.mean(1), piv.std(1).fillna(0)
/home/user1/greenresearch/samim/HITL/code/make_plots.py:63: Pandas4Warning: Starting with pandas version 4.0 all arguments of std will be keyword-only.
  mean, std = piv.mean(1), piv.std(1).fillna(0)
/home/user1/greenresearch/samim/HITL/code/make_plots.py:63: Pandas4Warning: Starting with pandas version 4.0 all arguments of mean will be keyword-only.
  mean, std = piv.mean(1), piv.std(1).fillna(0)
/home/user1/greenresearch/samim/HITL/code/make_plots.py:63: Pandas4Warning: Starting with pandas version 4.0 all arguments of std will be keyword-only.
  mean, std = piv.mean(1), piv.std(1).fillna(0)
/home/user1/greenresearch/samim/HITL/code/make_plots.py:63: Pandas4Warning: Starting with pandas version 4.0 all arguments of mean will be keyword-only.
  mean, std = piv.mean(1), piv.std(1).fillna(0)
/home/user1/greenresearch/samim/HITL/code/make_plots.py:63: Pandas4Warning: Starting with pandas version 4.0 all arguments of std will be keyword-only.
  mean, std = piv.mean(1), piv.std(1).fillna(0)
/home/user1/greenresearch/samim/HITL/code/make_plots.py:63: Pandas4Warning: Starting with pandas version 4.0 all arguments of mean will be keyword-only.
  mean, std = piv.mean(1), piv.std(1).fillna(0)
/home/user1/greenresearch/samim/HITL/code/make_plots.py:63: Pandas4Warning: Starting with pandas version 4.0 all arguments of std will be keyword-only.
  mean, std = piv.mean(1), piv.std(1).fillna(0)
/home/user1/greenresearch/samim/HITL/code/make_plots.py:63: Pandas4Warning: Starting with pandas version 4.0 all arguments of mean will be keyword-only.
  mean, std = piv.mean(1), piv.std(1).fillna(0)
/home/user1/greenresearch/samim/HITL/code/make_plots.py:63: Pandas4Warning: Starting with pandas version 4.0 all arguments of std will be keyword-only.
  mean, std = piv.mean(1), piv.std(1).fillna(0)
/home/user1/greenresearch/samim/HITL/code/make_plots.py:63: Pandas4Warning: Starting with pandas version 4.0 all arguments of mean will be keyword-only.
  mean, std = piv.mean(1), piv.std(1).fillna(0)
/home/user1/greenresearch/samim/HITL/code/make_plots.py:63: Pandas4Warning: Starting with pandas version 4.0 all arguments of std will be keyword-only.
  mean, std = piv.mean(1), piv.std(1).fillna(0)
/home/user1/greenresearch/samim/HITL/code/make_plots.py:63: Pandas4Warning: Starting with pandas version 4.0 all arguments of mean will be keyword-only.
  mean, std = piv.mean(1), piv.std(1).fillna(0)
/home/user1/greenresearch/samim/HITL/code/make_plots.py:63: Pandas4Warning: Starting with pandas version 4.0 all arguments of std will be keyword-only.
  mean, std = piv.mean(1), piv.std(1).fillna(0)
/home/user1/greenresearch/samim/HITL/code/make_plots.py:63: Pandas4Warning: Starting with pandas version 4.0 all arguments of mean will be keyword-only.
  mean, std = piv.mean(1), piv.std(1).fillna(0)
/home/user1/greenresearch/samim/HITL/code/make_plots.py:63: Pandas4Warning: Starting with pandas version 4.0 all arguments of std will be keyword-only.
  mean, std = piv.mean(1), piv.std(1).fillna(0)
/home/user1/greenresearch/samim/HITL/code/make_plots.py:63: Pandas4Warning: Starting with pandas version 4.0 all arguments of mean will be keyword-only.
  mean, std = piv.mean(1), piv.std(1).fillna(0)
/home/user1/greenresearch/samim/HITL/code/make_plots.py:63: Pandas4Warning: Starting with pandas version 4.0 all arguments of std will be keyword-only.
  mean, std = piv.mean(1), piv.std(1).fillna(0)
/home/user1/greenresearch/samim/HITL/code/make_plots.py:63: Pandas4Warning: Starting with pandas version 4.0 all arguments of mean will be keyword-only.
  mean, std = piv.mean(1), piv.std(1).fillna(0)
/home/user1/greenresearch/samim/HITL/code/make_plots.py:63: Pandas4Warning: Starting with pandas version 4.0 all arguments of std will be keyword-only.
  mean, std = piv.mean(1), piv.std(1).fillna(0)
/home/user1/greenresearch/samim/HITL/code/make_plots.py:63: Pandas4Warning: Starting with pandas version 4.0 all arguments of mean will be keyword-only.
  mean, std = piv.mean(1), piv.std(1).fillna(0)
/home/user1/greenresearch/samim/HITL/code/make_plots.py:63: Pandas4Warning: Starting with pandas version 4.0 all arguments of std will be keyword-only.
  mean, std = piv.mean(1), piv.std(1).fillna(0)
/home/user1/greenresearch/samim/HITL/code/make_plots.py:63: Pandas4Warning: Starting with pandas version 4.0 all arguments of mean will be keyword-only.
  mean, std = piv.mean(1), piv.std(1).fillna(0)
/home/user1/greenresearch/samim/HITL/code/make_plots.py:63: Pandas4Warning: Starting with pandas version 4.0 all arguments of std will be keyword-only.
  mean, std = piv.mean(1), piv.std(1).fillna(0)
/home/user1/greenresearch/samim/HITL/code/make_plots.py:142: Pandas4Warning: Starting with pandas version 4.0 all arguments of mean will be keyword-only.
  ax.plot(piv_i.index, piv_i.mean(1), "o-", color="#d32f2f",
/home/user1/greenresearch/samim/HITL/code/make_plots.py:144: Pandas4Warning: Starting with pandas version 4.0 all arguments of mean will be keyword-only.
  ax.plot(piv_e.index, piv_e.mean(1), "s--", color="#1976d2",
/home/user1/greenresearch/samim/HITL/code/make_plots.py:142: Pandas4Warning: Starting with pandas version 4.0 all arguments of mean will be keyword-only.
  ax.plot(piv_i.index, piv_i.mean(1), "o-", color="#d32f2f",
/home/user1/greenresearch/samim/HITL/code/make_plots.py:144: Pandas4Warning: Starting with pandas version 4.0 all arguments of mean will be keyword-only.
  ax.plot(piv_e.index, piv_e.mean(1), "s--", color="#1976d2",
wrote /home/user1/greenresearch/samim/HITL/results/curves_cifar10_noise0.0.png
wrote /home/user1/greenresearch/samim/HITL/results/curves_fmnist_noise0.0.png
wrote /home/user1/greenresearch/samim/HITL/results/curves_fmnist_noise0.2.png
wrote summary tables
wrote /home/user1/greenresearch/samim/HITL/results/diagnostics_auroc.png
dataset  noise     method  n_seeds  final_acc_mean  final_acc_std  aubc_mean  aubc_std
cifar10    0.0     random        3        0.741600       0.005745   0.620830  0.008789
cifar10    0.0    entropy        3        0.732367       0.017948   0.600317  0.009491
cifar10    0.0       bald        3        0.740700       0.001061   0.611367  0.001853
cifar10    0.0    coreset        3        0.713867       0.004705   0.601010  0.003772
cifar10    0.0       iris        3             NaN            NaN        NaN       NaN
 fmnist    0.0     random        3        0.864167       0.003643   0.818380  0.002411
 fmnist    0.0    entropy        3        0.867933       0.006852   0.822770  0.004082
 fmnist    0.0       bald        3        0.878733       0.005055   0.825850  0.007628
 fmnist    0.0    coreset        3        0.834700       0.000990   0.809653  0.007248
 fmnist    0.0       iris        3        0.875067       0.004297   0.826477  0.009391
 fmnist    0.0 iris-nodiv        3        0.863767       0.009882   0.810563  0.010554
 fmnist    0.2     random        3        0.842400       0.003034   0.796797  0.002498
 fmnist    0.2    entropy        3        0.846933       0.004701   0.794210  0.007607
 fmnist    0.2       bald        3        0.821067       0.000694   0.775230  0.000601
 fmnist    0.2    coreset        3        0.815600       0.008747   0.783157  0.004850
 fmnist    0.2       iris        3        0.848733       0.005432   0.800497  0.003624
 fmnist    0.2 iris-norel        3        0.845633       0.007410   0.797500  0.000878
wrote /home/user1/greenresearch/samim/HITL/latex/numbers.tex (81 macros)
Mon Aug 24 08:46:52 AM +06 2026 assembled
/home/user1/greenresearch/samim/HITL/code/make_plots.py:63: Pandas4Warning: Starting with pandas version 4.0 all arguments of mean will be keyword-only.
  mean, std = piv.mean(1), piv.std(1).fillna(0)
/home/user1/greenresearch/samim/HITL/code/make_plots.py:63: Pandas4Warning: Starting with pandas version 4.0 all arguments of std will be keyword-only.
  mean, std = piv.mean(1), piv.std(1).fillna(0)
/home/user1/greenresearch/samim/HITL/code/make_plots.py:63: Pandas4Warning: Starting with pandas version 4.0 all arguments of mean will be keyword-only.
  mean, std = piv.mean(1), piv.std(1).fillna(0)
/home/user1/greenresearch/samim/HITL/code/make_plots.py:63: Pandas4Warning: Starting with pandas version 4.0 all arguments of std will be keyword-only.
  mean, std = piv.mean(1), piv.std(1).fillna(0)
/home/user1/greenresearch/samim/HITL/code/make_plots.py:63: Pandas4Warning: Starting with pandas version 4.0 all arguments of mean will be keyword-only.
  mean, std = piv.mean(1), piv.std(1).fillna(0)
/home/user1/greenresearch/samim/HITL/code/make_plots.py:63: Pandas4Warning: Starting with pandas version 4.0 all arguments of std will be keyword-only.
  mean, std = piv.mean(1), piv.std(1).fillna(0)
/home/user1/greenresearch/samim/HITL/code/make_plots.py:63: Pandas4Warning: Starting with pandas version 4.0 all arguments of mean will be keyword-only.
  mean, std = piv.mean(1), piv.std(1).fillna(0)
/home/user1/greenresearch/samim/HITL/code/make_plots.py:63: Pandas4Warning: Starting with pandas version 4.0 all arguments of std will be keyword-only.
  mean, std = piv.mean(1), piv.std(1).fillna(0)
/home/user1/greenresearch/samim/HITL/code/make_plots.py:63: Pandas4Warning: Starting with pandas version 4.0 all arguments of mean will be keyword-only.
  mean, std = piv.mean(1), piv.std(1).fillna(0)
/home/user1/greenresearch/samim/HITL/code/make_plots.py:63: Pandas4Warning: Starting with pandas version 4.0 all arguments of std will be keyword-only.
  mean, std = piv.mean(1), piv.std(1).fillna(0)
/home/user1/greenresearch/samim/HITL/code/make_plots.py:63: Pandas4Warning: Starting with pandas version 4.0 all arguments of mean will be keyword-only.
  mean, std = piv.mean(1), piv.std(1).fillna(0)
/home/user1/greenresearch/samim/HITL/code/make_plots.py:63: Pandas4Warning: Starting with pandas version 4.0 all arguments of std will be keyword-only.
  mean, std = piv.mean(1), piv.std(1).fillna(0)
/home/user1/greenresearch/samim/HITL/code/make_plots.py:63: Pandas4Warning: Starting with pandas version 4.0 all arguments of mean will be keyword-only.
  mean, std = piv.mean(1), piv.std(1).fillna(0)
/home/user1/greenresearch/samim/HITL/code/make_plots.py:63: Pandas4Warning: Starting with pandas version 4.0 all arguments of std will be keyword-only.
  mean, std = piv.mean(1), piv.std(1).fillna(0)
/home/user1/greenresearch/samim/HITL/code/make_plots.py:63: Pandas4Warning: Starting with pandas version 4.0 all arguments of mean will be keyword-only.
  mean, std = piv.mean(1), piv.std(1).fillna(0)
/home/user1/greenresearch/samim/HITL/code/make_plots.py:63: Pandas4Warning: Starting with pandas version 4.0 all arguments of std will be keyword-only.
  mean, std = piv.mean(1), piv.std(1).fillna(0)
/home/user1/greenresearch/samim/HITL/code/make_plots.py:63: Pandas4Warning: Starting with pandas version 4.0 all arguments of mean will be keyword-only.
  mean, std = piv.mean(1), piv.std(1).fillna(0)
/home/user1/greenresearch/samim/HITL/code/make_plots.py:63: Pandas4Warning: Starting with pandas version 4.0 all arguments of std will be keyword-only.
  mean, std = piv.mean(1), piv.std(1).fillna(0)
/home/user1/greenresearch/samim/HITL/code/make_plots.py:63: Pandas4Warning: Starting with pandas version 4.0 all arguments of mean will be keyword-only.
  mean, std = piv.mean(1), piv.std(1).fillna(0)
/home/user1/greenresearch/samim/HITL/code/make_plots.py:63: Pandas4Warning: Starting with pandas version 4.0 all arguments of std will be keyword-only.
  mean, std = piv.mean(1), piv.std(1).fillna(0)
/home/user1/greenresearch/samim/HITL/code/make_plots.py:63: Pandas4Warning: Starting with pandas version 4.0 all arguments of mean will be keyword-only.
  mean, std = piv.mean(1), piv.std(1).fillna(0)
/home/user1/greenresearch/samim/HITL/code/make_plots.py:63: Pandas4Warning: Starting with pandas version 4.0 all arguments of std will be keyword-only.
  mean, std = piv.mean(1), piv.std(1).fillna(0)
/home/user1/greenresearch/samim/HITL/code/make_plots.py:63: Pandas4Warning: Starting with pandas version 4.0 all arguments of mean will be keyword-only.
  mean, std = piv.mean(1), piv.std(1).fillna(0)
/home/user1/greenresearch/samim/HITL/code/make_plots.py:63: Pandas4Warning: Starting with pandas version 4.0 all arguments of std will be keyword-only.
  mean, std = piv.mean(1), piv.std(1).fillna(0)
/home/user1/greenresearch/samim/HITL/code/make_plots.py:63: Pandas4Warning: Starting with pandas version 4.0 all arguments of mean will be keyword-only.
  mean, std = piv.mean(1), piv.std(1).fillna(0)
/home/user1/greenresearch/samim/HITL/code/make_plots.py:63: Pandas4Warning: Starting with pandas version 4.0 all arguments of std will be keyword-only.
  mean, std = piv.mean(1), piv.std(1).fillna(0)
/home/user1/greenresearch/samim/HITL/code/make_plots.py:63: Pandas4Warning: Starting with pandas version 4.0 all arguments of mean will be keyword-only.
  mean, std = piv.mean(1), piv.std(1).fillna(0)
/home/user1/greenresearch/samim/HITL/code/make_plots.py:63: Pandas4Warning: Starting with pandas version 4.0 all arguments of std will be keyword-only.
  mean, std = piv.mean(1), piv.std(1).fillna(0)
/home/user1/greenresearch/samim/HITL/code/make_plots.py:63: Pandas4Warning: Starting with pandas version 4.0 all arguments of mean will be keyword-only.
  mean, std = piv.mean(1), piv.std(1).fillna(0)
/home/user1/greenresearch/samim/HITL/code/make_plots.py:63: Pandas4Warning: Starting with pandas version 4.0 all arguments of std will be keyword-only.
  mean, std = piv.mean(1), piv.std(1).fillna(0)
/home/user1/greenresearch/samim/HITL/code/make_plots.py:63: Pandas4Warning: Starting with pandas version 4.0 all arguments of mean will be keyword-only.
  mean, std = piv.mean(1), piv.std(1).fillna(0)
/home/user1/greenresearch/samim/HITL/code/make_plots.py:63: Pandas4Warning: Starting with pandas version 4.0 all arguments of std will be keyword-only.
  mean, std = piv.mean(1), piv.std(1).fillna(0)
/home/user1/greenresearch/samim/HITL/code/make_plots.py:63: Pandas4Warning: Starting with pandas version 4.0 all arguments of mean will be keyword-only.
  mean, std = piv.mean(1), piv.std(1).fillna(0)
/home/user1/greenresearch/samim/HITL/code/make_plots.py:63: Pandas4Warning: Starting with pandas version 4.0 all arguments of std will be keyword-only.
  mean, std = piv.mean(1), piv.std(1).fillna(0)
/home/user1/greenresearch/samim/HITL/code/make_plots.py:63: Pandas4Warning: Starting with pandas version 4.0 all arguments of mean will be keyword-only.
  mean, std = piv.mean(1), piv.std(1).fillna(0)
/home/user1/greenresearch/samim/HITL/code/make_plots.py:63: Pandas4Warning: Starting with pandas version 4.0 all arguments of std will be keyword-only.
  mean, std = piv.mean(1), piv.std(1).fillna(0)
wrote /home/user1/greenresearch/samim/HITL/results/curves_cifar10_noise0.0.png
wrote /home/user1/greenresearch/samim/HITL/results/curves_cifar10_noise0.2.png
wrote /home/user1/greenresearch/samim/HITL/results/curves_fmnist_noise0.0.png
wrote /home/user1/greenresearch/samim/HITL/results/curves_fmnist_noise0.2.png
Traceback (most recent call last):
  File "/home/user1/greenresearch/samim/HITL/code/make_plots.py", line 161, in <module>
    main()
    ~~~~^^
  File "/home/user1/greenresearch/samim/HITL/code/make_plots.py", line 103, in main
    best = g.loc[g.aubc_mean.idxmax(), "method"]
                 ~~~~~~~~~~~~~~~~~~^^
  File "/opt/miniconda/lib/python3.13/site-packages/pandas/core/series.py", line 2545, in idxmax
    iloc = self.argmax(axis, skipna, *args, **kwargs)
  File "/opt/miniconda/lib/python3.13/site-packages/pandas/core/base.py", line 814, in argmax
    result = nanops.nanargmax(delegate, skipna=skipna)
  File "/opt/miniconda/lib/python3.13/site-packages/pandas/core/nanops.py", line 1169, in nanargmax
    result = _maybe_arg_null_out(result, axis, mask, skipna)  # type: ignore[arg-type]
  File "/opt/miniconda/lib/python3.13/site-packages/pandas/core/nanops.py", line 1484, in _maybe_arg_null_out
    raise ValueError("Encountered all NA values")
ValueError: Encountered all NA values
wrote /home/user1/greenresearch/samim/HITL/latex/numbers.tex (85 macros)
Mon Aug 24 09:16:55 AM +06 2026 assembled
/home/user1/greenresearch/samim/HITL/code/make_plots.py:63: Pandas4Warning: Starting with pandas version 4.0 all arguments of mean will be keyword-only.
  mean, std = piv.mean(1), piv.std(1).fillna(0)
/home/user1/greenresearch/samim/HITL/code/make_plots.py:63: Pandas4Warning: Starting with pandas version 4.0 all arguments of std will be keyword-only.
  mean, std = piv.mean(1), piv.std(1).fillna(0)
/home/user1/greenresearch/samim/HITL/code/make_plots.py:63: Pandas4Warning: Starting with pandas version 4.0 all arguments of mean will be keyword-only.
  mean, std = piv.mean(1), piv.std(1).fillna(0)
/home/user1/greenresearch/samim/HITL/code/make_plots.py:63: Pandas4Warning: Starting with pandas version 4.0 all arguments of std will be keyword-only.
  mean, std = piv.mean(1), piv.std(1).fillna(0)
/home/user1/greenresearch/samim/HITL/code/make_plots.py:63: Pandas4Warning: Starting with pandas version 4.0 all arguments of mean will be keyword-only.
  mean, std = piv.mean(1), piv.std(1).fillna(0)
/home/user1/greenresearch/samim/HITL/code/make_plots.py:63: Pandas4Warning: Starting with pandas version 4.0 all arguments of std will be keyword-only.
  mean, std = piv.mean(1), piv.std(1).fillna(0)
/home/user1/greenresearch/samim/HITL/code/make_plots.py:63: Pandas4Warning: Starting with pandas version 4.0 all arguments of mean will be keyword-only.
  mean, std = piv.mean(1), piv.std(1).fillna(0)
/home/user1/greenresearch/samim/HITL/code/make_plots.py:63: Pandas4Warning: Starting with pandas version 4.0 all arguments of std will be keyword-only.
  mean, std = piv.mean(1), piv.std(1).fillna(0)
/home/user1/greenresearch/samim/HITL/code/make_plots.py:63: Pandas4Warning: Starting with pandas version 4.0 all arguments of mean will be keyword-only.
  mean, std = piv.mean(1), piv.std(1).fillna(0)
/home/user1/greenresearch/samim/HITL/code/make_plots.py:63: Pandas4Warning: Starting with pandas version 4.0 all arguments of std will be keyword-only.
  mean, std = piv.mean(1), piv.std(1).fillna(0)
/home/user1/greenresearch/samim/HITL/code/make_plots.py:63: Pandas4Warning: Starting with pandas version 4.0 all arguments of mean will be keyword-only.
  mean, std = piv.mean(1), piv.std(1).fillna(0)
/home/user1/greenresearch/samim/HITL/code/make_plots.py:63: Pandas4Warning: Starting with pandas version 4.0 all arguments of std will be keyword-only.
  mean, std = piv.mean(1), piv.std(1).fillna(0)
/home/user1/greenresearch/samim/HITL/code/make_plots.py:63: Pandas4Warning: Starting with pandas version 4.0 all arguments of mean will be keyword-only.
  mean, std = piv.mean(1), piv.std(1).fillna(0)
/home/user1/greenresearch/samim/HITL/code/make_plots.py:63: Pandas4Warning: Starting with pandas version 4.0 all arguments of std will be keyword-only.
  mean, std = piv.mean(1), piv.std(1).fillna(0)
/home/user1/greenresearch/samim/HITL/code/make_plots.py:63: Pandas4Warning: Starting with pandas version 4.0 all arguments of mean will be keyword-only.
  mean, std = piv.mean(1), piv.std(1).fillna(0)
/home/user1/greenresearch/samim/HITL/code/make_plots.py:63: Pandas4Warning: Starting with pandas version 4.0 all arguments of std will be keyword-only.
  mean, std = piv.mean(1), piv.std(1).fillna(0)
/home/user1/greenresearch/samim/HITL/code/make_plots.py:63: Pandas4Warning: Starting with pandas version 4.0 all arguments of mean will be keyword-only.
  mean, std = piv.mean(1), piv.std(1).fillna(0)
/home/user1/greenresearch/samim/HITL/code/make_plots.py:63: Pandas4Warning: Starting with pandas version 4.0 all arguments of std will be keyword-only.
  mean, std = piv.mean(1), piv.std(1).fillna(0)
/home/user1/greenresearch/samim/HITL/code/make_plots.py:63: Pandas4Warning: Starting with pandas version 4.0 all arguments of mean will be keyword-only.
  mean, std = piv.mean(1), piv.std(1).fillna(0)
/home/user1/greenresearch/samim/HITL/code/make_plots.py:63: Pandas4Warning: Starting with pandas version 4.0 all arguments of std will be keyword-only.
  mean, std = piv.mean(1), piv.std(1).fillna(0)
/home/user1/greenresearch/samim/HITL/code/make_plots.py:63: Pandas4Warning: Starting with pandas version 4.0 all arguments of mean will be keyword-only.
  mean, std = piv.mean(1), piv.std(1).fillna(0)
/home/user1/greenresearch/samim/HITL/code/make_plots.py:63: Pandas4Warning: Starting with pandas version 4.0 all arguments of std will be keyword-only.
  mean, std = piv.mean(1), piv.std(1).fillna(0)
/home/user1/greenresearch/samim/HITL/code/make_plots.py:63: Pandas4Warning: Starting with pandas version 4.0 all arguments of mean will be keyword-only.
  mean, std = piv.mean(1), piv.std(1).fillna(0)
/home/user1/greenresearch/samim/HITL/code/make_plots.py:63: Pandas4Warning: Starting with pandas version 4.0 all arguments of std will be keyword-only.
  mean, std = piv.mean(1), piv.std(1).fillna(0)
/home/user1/greenresearch/samim/HITL/code/make_plots.py:63: Pandas4Warning: Starting with pandas version 4.0 all arguments of mean will be keyword-only.
  mean, std = piv.mean(1), piv.std(1).fillna(0)
/home/user1/greenresearch/samim/HITL/code/make_plots.py:63: Pandas4Warning: Starting with pandas version 4.0 all arguments of std will be keyword-only.
  mean, std = piv.mean(1), piv.std(1).fillna(0)
/home/user1/greenresearch/samim/HITL/code/make_plots.py:63: Pandas4Warning: Starting with pandas version 4.0 all arguments of mean will be keyword-only.
  mean, std = piv.mean(1), piv.std(1).fillna(0)
/home/user1/greenresearch/samim/HITL/code/make_plots.py:63: Pandas4Warning: Starting with pandas version 4.0 all arguments of std will be keyword-only.
  mean, std = piv.mean(1), piv.std(1).fillna(0)
/home/user1/greenresearch/samim/HITL/code/make_plots.py:63: Pandas4Warning: Starting with pandas version 4.0 all arguments of mean will be keyword-only.
  mean, std = piv.mean(1), piv.std(1).fillna(0)
/home/user1/greenresearch/samim/HITL/code/make_plots.py:63: Pandas4Warning: Starting with pandas version 4.0 all arguments of std will be keyword-only.
  mean, std = piv.mean(1), piv.std(1).fillna(0)
/home/user1/greenresearch/samim/HITL/code/make_plots.py:63: Pandas4Warning: Starting with pandas version 4.0 all arguments of mean will be keyword-only.
  mean, std = piv.mean(1), piv.std(1).fillna(0)
/home/user1/greenresearch/samim/HITL/code/make_plots.py:63: Pandas4Warning: Starting with pandas version 4.0 all arguments of std will be keyword-only.
  mean, std = piv.mean(1), piv.std(1).fillna(0)
/home/user1/greenresearch/samim/HITL/code/make_plots.py:63: Pandas4Warning: Starting with pandas version 4.0 all arguments of mean will be keyword-only.
  mean, std = piv.mean(1), piv.std(1).fillna(0)
/home/user1/greenresearch/samim/HITL/code/make_plots.py:63: Pandas4Warning: Starting with pandas version 4.0 all arguments of std will be keyword-only.
  mean, std = piv.mean(1), piv.std(1).fillna(0)
/home/user1/greenresearch/samim/HITL/code/make_plots.py:63: Pandas4Warning: Starting with pandas version 4.0 all arguments of mean will be keyword-only.
  mean, std = piv.mean(1), piv.std(1).fillna(0)
/home/user1/greenresearch/samim/HITL/code/make_plots.py:63: Pandas4Warning: Starting with pandas version 4.0 all arguments of std will be keyword-only.
  mean, std = piv.mean(1), piv.std(1).fillna(0)
/home/user1/greenresearch/samim/HITL/code/make_plots.py:63: Pandas4Warning: Starting with pandas version 4.0 all arguments of mean will be keyword-only.
  mean, std = piv.mean(1), piv.std(1).fillna(0)
/home/user1/greenresearch/samim/HITL/code/make_plots.py:63: Pandas4Warning: Starting with pandas version 4.0 all arguments of std will be keyword-only.
  mean, std = piv.mean(1), piv.std(1).fillna(0)
/home/user1/greenresearch/samim/HITL/code/make_plots.py:142: Pandas4Warning: Starting with pandas version 4.0 all arguments of mean will be keyword-only.
  ax.plot(piv_i.index, piv_i.mean(1), "o-", color="#d32f2f",
/home/user1/greenresearch/samim/HITL/code/make_plots.py:144: Pandas4Warning: Starting with pandas version 4.0 all arguments of mean will be keyword-only.
  ax.plot(piv_e.index, piv_e.mean(1), "s--", color="#1976d2",
/home/user1/greenresearch/samim/HITL/code/make_plots.py:142: Pandas4Warning: Starting with pandas version 4.0 all arguments of mean will be keyword-only.
  ax.plot(piv_i.index, piv_i.mean(1), "o-", color="#d32f2f",
/home/user1/greenresearch/samim/HITL/code/make_plots.py:144: Pandas4Warning: Starting with pandas version 4.0 all arguments of mean will be keyword-only.
  ax.plot(piv_e.index, piv_e.mean(1), "s--", color="#1976d2",
wrote /home/user1/greenresearch/samim/HITL/results/curves_cifar10_noise0.0.png
wrote /home/user1/greenresearch/samim/HITL/results/curves_cifar10_noise0.2.png
wrote /home/user1/greenresearch/samim/HITL/results/curves_fmnist_noise0.0.png
wrote /home/user1/greenresearch/samim/HITL/results/curves_fmnist_noise0.2.png
wrote summary tables
wrote /home/user1/greenresearch/samim/HITL/results/diagnostics_auroc.png
dataset  noise     method  n_seeds  final_acc_mean  final_acc_std  aubc_mean  aubc_std
cifar10    0.0     random        3        0.741600       0.005745   0.620830  0.008789
cifar10    0.0    entropy        3        0.732367       0.017948   0.600317  0.009491
cifar10    0.0       bald        3        0.740700       0.001061   0.611367  0.001853
cifar10    0.0    coreset        3        0.713867       0.004705   0.601010  0.003772
cifar10    0.0       iris        3        0.732533       0.012230   0.592423  0.004162
cifar10    0.2     random        3        0.636933       0.009595   0.537370  0.003844
cifar10    0.2    entropy        3             NaN            NaN        NaN       NaN
 fmnist    0.0     random        3        0.864167       0.003643   0.818380  0.002411
 fmnist    0.0    entropy        3        0.867933       0.006852   0.822770  0.004082
 fmnist    0.0       bald        3        0.878733       0.005055   0.825850  0.007628
 fmnist    0.0    coreset        3        0.834700       0.000990   0.809653  0.007248
 fmnist    0.0       iris        3        0.875067       0.004297   0.826477  0.009391
 fmnist    0.0 iris-nodiv        3        0.863767       0.009882   0.810563  0.010554
 fmnist    0.2     random        3        0.842400       0.003034   0.796797  0.002498
 fmnist    0.2    entropy        3        0.846933       0.004701   0.794210  0.007607
 fmnist    0.2       bald        3        0.821067       0.000694   0.775230  0.000601
 fmnist    0.2    coreset        3        0.815600       0.008747   0.783157  0.004850
 fmnist    0.2       iris        3        0.848733       0.005432   0.800497  0.003624
 fmnist    0.2 iris-norel        3        0.845633       0.007410   0.797500  0.000878
wrote /home/user1/greenresearch/samim/HITL/latex/numbers.tex (89 macros)
Mon Aug 24 09:46:57 AM +06 2026 assembled
/home/user1/greenresearch/samim/HITL/code/make_plots.py:63: Pandas4Warning: Starting with pandas version 4.0 all arguments of mean will be keyword-only.
  mean, std = piv.mean(1), piv.std(1).fillna(0)
/home/user1/greenresearch/samim/HITL/code/make_plots.py:63: Pandas4Warning: Starting with pandas version 4.0 all arguments of std will be keyword-only.
  mean, std = piv.mean(1), piv.std(1).fillna(0)
/home/user1/greenresearch/samim/HITL/code/make_plots.py:63: Pandas4Warning: Starting with pandas version 4.0 all arguments of mean will be keyword-only.
  mean, std = piv.mean(1), piv.std(1).fillna(0)
/home/user1/greenresearch/samim/HITL/code/make_plots.py:63: Pandas4Warning: Starting with pandas version 4.0 all arguments of std will be keyword-only.
  mean, std = piv.mean(1), piv.std(1).fillna(0)
/home/user1/greenresearch/samim/HITL/code/make_plots.py:63: Pandas4Warning: Starting with pandas version 4.0 all arguments of mean will be keyword-only.
  mean, std = piv.mean(1), piv.std(1).fillna(0)
/home/user1/greenresearch/samim/HITL/code/make_plots.py:63: Pandas4Warning: Starting with pandas version 4.0 all arguments of std will be keyword-only.
  mean, std = piv.mean(1), piv.std(1).fillna(0)
/home/user1/greenresearch/samim/HITL/code/make_plots.py:63: Pandas4Warning: Starting with pandas version 4.0 all arguments of mean will be keyword-only.
  mean, std = piv.mean(1), piv.std(1).fillna(0)
/home/user1/greenresearch/samim/HITL/code/make_plots.py:63: Pandas4Warning: Starting with pandas version 4.0 all arguments of std will be keyword-only.
  mean, std = piv.mean(1), piv.std(1).fillna(0)
/home/user1/greenresearch/samim/HITL/code/make_plots.py:63: Pandas4Warning: Starting with pandas version 4.0 all arguments of mean will be keyword-only.
  mean, std = piv.mean(1), piv.std(1).fillna(0)
/home/user1/greenresearch/samim/HITL/code/make_plots.py:63: Pandas4Warning: Starting with pandas version 4.0 all arguments of std will be keyword-only.
  mean, std = piv.mean(1), piv.std(1).fillna(0)
/home/user1/greenresearch/samim/HITL/code/make_plots.py:63: Pandas4Warning: Starting with pandas version 4.0 all arguments of mean will be keyword-only.
  mean, std = piv.mean(1), piv.std(1).fillna(0)
/home/user1/greenresearch/samim/HITL/code/make_plots.py:63: Pandas4Warning: Starting with pandas version 4.0 all arguments of std will be keyword-only.
  mean, std = piv.mean(1), piv.std(1).fillna(0)
/home/user1/greenresearch/samim/HITL/code/make_plots.py:63: Pandas4Warning: Starting with pandas version 4.0 all arguments of mean will be keyword-only.
  mean, std = piv.mean(1), piv.std(1).fillna(0)
/home/user1/greenresearch/samim/HITL/code/make_plots.py:63: Pandas4Warning: Starting with pandas version 4.0 all arguments of std will be keyword-only.
  mean, std = piv.mean(1), piv.std(1).fillna(0)
/home/user1/greenresearch/samim/HITL/code/make_plots.py:63: Pandas4Warning: Starting with pandas version 4.0 all arguments of mean will be keyword-only.
  mean, std = piv.mean(1), piv.std(1).fillna(0)
/home/user1/greenresearch/samim/HITL/code/make_plots.py:63: Pandas4Warning: Starting with pandas version 4.0 all arguments of std will be keyword-only.
  mean, std = piv.mean(1), piv.std(1).fillna(0)
/home/user1/greenresearch/samim/HITL/code/make_plots.py:63: Pandas4Warning: Starting with pandas version 4.0 all arguments of mean will be keyword-only.
  mean, std = piv.mean(1), piv.std(1).fillna(0)
/home/user1/greenresearch/samim/HITL/code/make_plots.py:63: Pandas4Warning: Starting with pandas version 4.0 all arguments of std will be keyword-only.
  mean, std = piv.mean(1), piv.std(1).fillna(0)
/home/user1/greenresearch/samim/HITL/code/make_plots.py:63: Pandas4Warning: Starting with pandas version 4.0 all arguments of mean will be keyword-only.
  mean, std = piv.mean(1), piv.std(1).fillna(0)
/home/user1/greenresearch/samim/HITL/code/make_plots.py:63: Pandas4Warning: Starting with pandas version 4.0 all arguments of std will be keyword-only.
  mean, std = piv.mean(1), piv.std(1).fillna(0)
/home/user1/greenresearch/samim/HITL/code/make_plots.py:63: Pandas4Warning: Starting with pandas version 4.0 all arguments of mean will be keyword-only.
  mean, std = piv.mean(1), piv.std(1).fillna(0)
/home/user1/greenresearch/samim/HITL/code/make_plots.py:63: Pandas4Warning: Starting with pandas version 4.0 all arguments of std will be keyword-only.
  mean, std = piv.mean(1), piv.std(1).fillna(0)
/home/user1/greenresearch/samim/HITL/code/make_plots.py:63: Pandas4Warning: Starting with pandas version 4.0 all arguments of mean will be keyword-only.
  mean, std = piv.mean(1), piv.std(1).fillna(0)
/home/user1/greenresearch/samim/HITL/code/make_plots.py:63: Pandas4Warning: Starting with pandas version 4.0 all arguments of std will be keyword-only.
  mean, std = piv.mean(1), piv.std(1).fillna(0)
/home/user1/greenresearch/samim/HITL/code/make_plots.py:63: Pandas4Warning: Starting with pandas version 4.0 all arguments of mean will be keyword-only.
  mean, std = piv.mean(1), piv.std(1).fillna(0)
/home/user1/greenresearch/samim/HITL/code/make_plots.py:63: Pandas4Warning: Starting with pandas version 4.0 all arguments of std will be keyword-only.
  mean, std = piv.mean(1), piv.std(1).fillna(0)
/home/user1/greenresearch/samim/HITL/code/make_plots.py:63: Pandas4Warning: Starting with pandas version 4.0 all arguments of mean will be keyword-only.
  mean, std = piv.mean(1), piv.std(1).fillna(0)
/home/user1/greenresearch/samim/HITL/code/make_plots.py:63: Pandas4Warning: Starting with pandas version 4.0 all arguments of std will be keyword-only.
  mean, std = piv.mean(1), piv.std(1).fillna(0)
/home/user1/greenresearch/samim/HITL/code/make_plots.py:63: Pandas4Warning: Starting with pandas version 4.0 all arguments of mean will be keyword-only.
  mean, std = piv.mean(1), piv.std(1).fillna(0)
/home/user1/greenresearch/samim/HITL/code/make_plots.py:63: Pandas4Warning: Starting with pandas version 4.0 all arguments of std will be keyword-only.
  mean, std = piv.mean(1), piv.std(1).fillna(0)
/home/user1/greenresearch/samim/HITL/code/make_plots.py:63: Pandas4Warning: Starting with pandas version 4.0 all arguments of mean will be keyword-only.
  mean, std = piv.mean(1), piv.std(1).fillna(0)
/home/user1/greenresearch/samim/HITL/code/make_plots.py:63: Pandas4Warning: Starting with pandas version 4.0 all arguments of std will be keyword-only.
  mean, std = piv.mean(1), piv.std(1).fillna(0)
/home/user1/greenresearch/samim/HITL/code/make_plots.py:63: Pandas4Warning: Starting with pandas version 4.0 all arguments of mean will be keyword-only.
  mean, std = piv.mean(1), piv.std(1).fillna(0)
/home/user1/greenresearch/samim/HITL/code/make_plots.py:63: Pandas4Warning: Starting with pandas version 4.0 all arguments of std will be keyword-only.
  mean, std = piv.mean(1), piv.std(1).fillna(0)
/home/user1/greenresearch/samim/HITL/code/make_plots.py:63: Pandas4Warning: Starting with pandas version 4.0 all arguments of mean will be keyword-only.
  mean, std = piv.mean(1), piv.std(1).fillna(0)
/home/user1/greenresearch/samim/HITL/code/make_plots.py:63: Pandas4Warning: Starting with pandas version 4.0 all arguments of std will be keyword-only.
  mean, std = piv.mean(1), piv.std(1).fillna(0)
/home/user1/greenresearch/samim/HITL/code/make_plots.py:63: Pandas4Warning: Starting with pandas version 4.0 all arguments of mean will be keyword-only.
  mean, std = piv.mean(1), piv.std(1).fillna(0)
/home/user1/greenresearch/samim/HITL/code/make_plots.py:63: Pandas4Warning: Starting with pandas version 4.0 all arguments of std will be keyword-only.
  mean, std = piv.mean(1), piv.std(1).fillna(0)
/home/user1/greenresearch/samim/HITL/code/make_plots.py:63: Pandas4Warning: Starting with pandas version 4.0 all arguments of mean will be keyword-only.
  mean, std = piv.mean(1), piv.std(1).fillna(0)
/home/user1/greenresearch/samim/HITL/code/make_plots.py:63: Pandas4Warning: Starting with pandas version 4.0 all arguments of std will be keyword-only.
  mean, std = piv.mean(1), piv.std(1).fillna(0)
/home/user1/greenresearch/samim/HITL/code/make_plots.py:142: Pandas4Warning: Starting with pandas version 4.0 all arguments of mean will be keyword-only.
  ax.plot(piv_i.index, piv_i.mean(1), "o-", color="#d32f2f",
/home/user1/greenresearch/samim/HITL/code/make_plots.py:144: Pandas4Warning: Starting with pandas version 4.0 all arguments of mean will be keyword-only.
  ax.plot(piv_e.index, piv_e.mean(1), "s--", color="#1976d2",
/home/user1/greenresearch/samim/HITL/code/make_plots.py:142: Pandas4Warning: Starting with pandas version 4.0 all arguments of mean will be keyword-only.
  ax.plot(piv_i.index, piv_i.mean(1), "o-", color="#d32f2f",
/home/user1/greenresearch/samim/HITL/code/make_plots.py:144: Pandas4Warning: Starting with pandas version 4.0 all arguments of mean will be keyword-only.
  ax.plot(piv_e.index, piv_e.mean(1), "s--", color="#1976d2",
wrote /home/user1/greenresearch/samim/HITL/results/curves_cifar10_noise0.0.png
wrote /home/user1/greenresearch/samim/HITL/results/curves_cifar10_noise0.2.png
wrote /home/user1/greenresearch/samim/HITL/results/curves_fmnist_noise0.0.png
wrote /home/user1/greenresearch/samim/HITL/results/curves_fmnist_noise0.2.png
wrote summary tables
wrote /home/user1/greenresearch/samim/HITL/results/diagnostics_auroc.png
dataset  noise     method  n_seeds  final_acc_mean  final_acc_std  aubc_mean  aubc_std
cifar10    0.0     random        3        0.741600       0.005745   0.620830  0.008789
cifar10    0.0    entropy        3        0.732367       0.017948   0.600317  0.009491
cifar10    0.0       bald        3        0.740700       0.001061   0.611367  0.001853
cifar10    0.0    coreset        3        0.713867       0.004705   0.601010  0.003772
cifar10    0.0       iris        3        0.732533       0.012230   0.592423  0.004162
cifar10    0.2     random        3        0.636933       0.009595   0.537370  0.003844
cifar10    0.2    entropy        3        0.621167       0.034750   0.518397  0.003650
cifar10    0.2       bald        3             NaN            NaN        NaN       NaN
 fmnist    0.0     random        3        0.864167       0.003643   0.818380  0.002411
 fmnist    0.0    entropy        3        0.867933       0.006852   0.822770  0.004082
 fmnist    0.0       bald        3        0.878733       0.005055   0.825850  0.007628
 fmnist    0.0    coreset        3        0.834700       0.000990   0.809653  0.007248
 fmnist    0.0       iris        3        0.875067       0.004297   0.826477  0.009391
 fmnist    0.0 iris-nodiv        3        0.863767       0.009882   0.810563  0.010554
 fmnist    0.2     random        3        0.842400       0.003034   0.796797  0.002498
 fmnist    0.2    entropy        3        0.846933       0.004701   0.794210  0.007607
 fmnist    0.2       bald        3        0.821067       0.000694   0.775230  0.000601
 fmnist    0.2    coreset        3        0.815600       0.008747   0.783157  0.004850
 fmnist    0.2       iris        3        0.848733       0.005432   0.800497  0.003624
 fmnist    0.2 iris-norel        3        0.845633       0.007410   0.797500  0.000878
wrote /home/user1/greenresearch/samim/HITL/latex/numbers.tex (93 macros)
Mon Aug 24 10:16:59 AM +06 2026 assembled
/home/user1/greenresearch/samim/HITL/code/make_plots.py:63: Pandas4Warning: Starting with pandas version 4.0 all arguments of mean will be keyword-only.
  mean, std = piv.mean(1), piv.std(1).fillna(0)
/home/user1/greenresearch/samim/HITL/code/make_plots.py:63: Pandas4Warning: Starting with pandas version 4.0 all arguments of std will be keyword-only.
  mean, std = piv.mean(1), piv.std(1).fillna(0)
/home/user1/greenresearch/samim/HITL/code/make_plots.py:63: Pandas4Warning: Starting with pandas version 4.0 all arguments of mean will be keyword-only.
  mean, std = piv.mean(1), piv.std(1).fillna(0)
/home/user1/greenresearch/samim/HITL/code/make_plots.py:63: Pandas4Warning: Starting with pandas version 4.0 all arguments of std will be keyword-only.
  mean, std = piv.mean(1), piv.std(1).fillna(0)
/home/user1/greenresearch/samim/HITL/code/make_plots.py:63: Pandas4Warning: Starting with pandas version 4.0 all arguments of mean will be keyword-only.
  mean, std = piv.mean(1), piv.std(1).fillna(0)
/home/user1/greenresearch/samim/HITL/code/make_plots.py:63: Pandas4Warning: Starting with pandas version 4.0 all arguments of std will be keyword-only.
  mean, std = piv.mean(1), piv.std(1).fillna(0)
/home/user1/greenresearch/samim/HITL/code/make_plots.py:63: Pandas4Warning: Starting with pandas version 4.0 all arguments of mean will be keyword-only.
  mean, std = piv.mean(1), piv.std(1).fillna(0)
/home/user1/greenresearch/samim/HITL/code/make_plots.py:63: Pandas4Warning: Starting with pandas version 4.0 all arguments of std will be keyword-only.
  mean, std = piv.mean(1), piv.std(1).fillna(0)
/home/user1/greenresearch/samim/HITL/code/make_plots.py:63: Pandas4Warning: Starting with pandas version 4.0 all arguments of mean will be keyword-only.
  mean, std = piv.mean(1), piv.std(1).fillna(0)
/home/user1/greenresearch/samim/HITL/code/make_plots.py:63: Pandas4Warning: Starting with pandas version 4.0 all arguments of std will be keyword-only.
  mean, std = piv.mean(1), piv.std(1).fillna(0)
/home/user1/greenresearch/samim/HITL/code/make_plots.py:63: Pandas4Warning: Starting with pandas version 4.0 all arguments of mean will be keyword-only.
  mean, std = piv.mean(1), piv.std(1).fillna(0)
/home/user1/greenresearch/samim/HITL/code/make_plots.py:63: Pandas4Warning: Starting with pandas version 4.0 all arguments of std will be keyword-only.
  mean, std = piv.mean(1), piv.std(1).fillna(0)
/home/user1/greenresearch/samim/HITL/code/make_plots.py:63: Pandas4Warning: Starting with pandas version 4.0 all arguments of mean will be keyword-only.
  mean, std = piv.mean(1), piv.std(1).fillna(0)
/home/user1/greenresearch/samim/HITL/code/make_plots.py:63: Pandas4Warning: Starting with pandas version 4.0 all arguments of std will be keyword-only.
  mean, std = piv.mean(1), piv.std(1).fillna(0)
/home/user1/greenresearch/samim/HITL/code/make_plots.py:63: Pandas4Warning: Starting with pandas version 4.0 all arguments of mean will be keyword-only.
  mean, std = piv.mean(1), piv.std(1).fillna(0)
/home/user1/greenresearch/samim/HITL/code/make_plots.py:63: Pandas4Warning: Starting with pandas version 4.0 all arguments of std will be keyword-only.
  mean, std = piv.mean(1), piv.std(1).fillna(0)
/home/user1/greenresearch/samim/HITL/code/make_plots.py:63: Pandas4Warning: Starting with pandas version 4.0 all arguments of mean will be keyword-only.
  mean, std = piv.mean(1), piv.std(1).fillna(0)
/home/user1/greenresearch/samim/HITL/code/make_plots.py:63: Pandas4Warning: Starting with pandas version 4.0 all arguments of std will be keyword-only.
  mean, std = piv.mean(1), piv.std(1).fillna(0)
/home/user1/greenresearch/samim/HITL/code/make_plots.py:63: Pandas4Warning: Starting with pandas version 4.0 all arguments of mean will be keyword-only.
  mean, std = piv.mean(1), piv.std(1).fillna(0)
/home/user1/greenresearch/samim/HITL/code/make_plots.py:63: Pandas4Warning: Starting with pandas version 4.0 all arguments of std will be keyword-only.
  mean, std = piv.mean(1), piv.std(1).fillna(0)
/home/user1/greenresearch/samim/HITL/code/make_plots.py:63: Pandas4Warning: Starting with pandas version 4.0 all arguments of mean will be keyword-only.
  mean, std = piv.mean(1), piv.std(1).fillna(0)
/home/user1/greenresearch/samim/HITL/code/make_plots.py:63: Pandas4Warning: Starting with pandas version 4.0 all arguments of std will be keyword-only.
  mean, std = piv.mean(1), piv.std(1).fillna(0)
/home/user1/greenresearch/samim/HITL/code/make_plots.py:63: Pandas4Warning: Starting with pandas version 4.0 all arguments of mean will be keyword-only.
  mean, std = piv.mean(1), piv.std(1).fillna(0)
/home/user1/greenresearch/samim/HITL/code/make_plots.py:63: Pandas4Warning: Starting with pandas version 4.0 all arguments of std will be keyword-only.
  mean, std = piv.mean(1), piv.std(1).fillna(0)
/home/user1/greenresearch/samim/HITL/code/make_plots.py:63: Pandas4Warning: Starting with pandas version 4.0 all arguments of mean will be keyword-only.
  mean, std = piv.mean(1), piv.std(1).fillna(0)
/home/user1/greenresearch/samim/HITL/code/make_plots.py:63: Pandas4Warning: Starting with pandas version 4.0 all arguments of std will be keyword-only.
  mean, std = piv.mean(1), piv.std(1).fillna(0)
/home/user1/greenresearch/samim/HITL/code/make_plots.py:63: Pandas4Warning: Starting with pandas version 4.0 all arguments of mean will be keyword-only.
  mean, std = piv.mean(1), piv.std(1).fillna(0)
/home/user1/greenresearch/samim/HITL/code/make_plots.py:63: Pandas4Warning: Starting with pandas version 4.0 all arguments of std will be keyword-only.
  mean, std = piv.mean(1), piv.std(1).fillna(0)
/home/user1/greenresearch/samim/HITL/code/make_plots.py:63: Pandas4Warning: Starting with pandas version 4.0 all arguments of mean will be keyword-only.
  mean, std = piv.mean(1), piv.std(1).fillna(0)
/home/user1/greenresearch/samim/HITL/code/make_plots.py:63: Pandas4Warning: Starting with pandas version 4.0 all arguments of std will be keyword-only.
  mean, std = piv.mean(1), piv.std(1).fillna(0)
/home/user1/greenresearch/samim/HITL/code/make_plots.py:63: Pandas4Warning: Starting with pandas version 4.0 all arguments of mean will be keyword-only.
  mean, std = piv.mean(1), piv.std(1).fillna(0)
/home/user1/greenresearch/samim/HITL/code/make_plots.py:63: Pandas4Warning: Starting with pandas version 4.0 all arguments of std will be keyword-only.
  mean, std = piv.mean(1), piv.std(1).fillna(0)
/home/user1/greenresearch/samim/HITL/code/make_plots.py:63: Pandas4Warning: Starting with pandas version 4.0 all arguments of mean will be keyword-only.
  mean, std = piv.mean(1), piv.std(1).fillna(0)
/home/user1/greenresearch/samim/HITL/code/make_plots.py:63: Pandas4Warning: Starting with pandas version 4.0 all arguments of std will be keyword-only.
  mean, std = piv.mean(1), piv.std(1).fillna(0)
/home/user1/greenresearch/samim/HITL/code/make_plots.py:63: Pandas4Warning: Starting with pandas version 4.0 all arguments of mean will be keyword-only.
  mean, std = piv.mean(1), piv.std(1).fillna(0)
/home/user1/greenresearch/samim/HITL/code/make_plots.py:63: Pandas4Warning: Starting with pandas version 4.0 all arguments of std will be keyword-only.
  mean, std = piv.mean(1), piv.std(1).fillna(0)
/home/user1/greenresearch/samim/HITL/code/make_plots.py:63: Pandas4Warning: Starting with pandas version 4.0 all arguments of mean will be keyword-only.
  mean, std = piv.mean(1), piv.std(1).fillna(0)
/home/user1/greenresearch/samim/HITL/code/make_plots.py:63: Pandas4Warning: Starting with pandas version 4.0 all arguments of std will be keyword-only.
  mean, std = piv.mean(1), piv.std(1).fillna(0)
/home/user1/greenresearch/samim/HITL/code/make_plots.py:63: Pandas4Warning: Starting with pandas version 4.0 all arguments of mean will be keyword-only.
  mean, std = piv.mean(1), piv.std(1).fillna(0)
/home/user1/greenresearch/samim/HITL/code/make_plots.py:63: Pandas4Warning: Starting with pandas version 4.0 all arguments of std will be keyword-only.
  mean, std = piv.mean(1), piv.std(1).fillna(0)
/home/user1/greenresearch/samim/HITL/code/make_plots.py:63: Pandas4Warning: Starting with pandas version 4.0 all arguments of mean will be keyword-only.
  mean, std = piv.mean(1), piv.std(1).fillna(0)
/home/user1/greenresearch/samim/HITL/code/make_plots.py:63: Pandas4Warning: Starting with pandas version 4.0 all arguments of std will be keyword-only.
  mean, std = piv.mean(1), piv.std(1).fillna(0)
/home/user1/greenresearch/samim/HITL/code/make_plots.py:142: Pandas4Warning: Starting with pandas version 4.0 all arguments of mean will be keyword-only.
  ax.plot(piv_i.index, piv_i.mean(1), "o-", color="#d32f2f",
/home/user1/greenresearch/samim/HITL/code/make_plots.py:144: Pandas4Warning: Starting with pandas version 4.0 all arguments of mean will be keyword-only.
  ax.plot(piv_e.index, piv_e.mean(1), "s--", color="#1976d2",
/home/user1/greenresearch/samim/HITL/code/make_plots.py:142: Pandas4Warning: Starting with pandas version 4.0 all arguments of mean will be keyword-only.
  ax.plot(piv_i.index, piv_i.mean(1), "o-", color="#d32f2f",
/home/user1/greenresearch/samim/HITL/code/make_plots.py:144: Pandas4Warning: Starting with pandas version 4.0 all arguments of mean will be keyword-only.
  ax.plot(piv_e.index, piv_e.mean(1), "s--", color="#1976d2",
wrote /home/user1/greenresearch/samim/HITL/results/curves_cifar10_noise0.0.png
wrote /home/user1/greenresearch/samim/HITL/results/curves_cifar10_noise0.2.png
wrote /home/user1/greenresearch/samim/HITL/results/curves_fmnist_noise0.0.png
wrote /home/user1/greenresearch/samim/HITL/results/curves_fmnist_noise0.2.png
wrote summary tables
wrote /home/user1/greenresearch/samim/HITL/results/diagnostics_auroc.png
dataset  noise     method  n_seeds  final_acc_mean  final_acc_std  aubc_mean  aubc_std
cifar10    0.0     random        3        0.741600       0.005745   0.620830  0.008789
cifar10    0.0    entropy        3        0.732367       0.017948   0.600317  0.009491
cifar10    0.0       bald        3        0.740700       0.001061   0.611367  0.001853
cifar10    0.0    coreset        3        0.713867       0.004705   0.601010  0.003772
cifar10    0.0       iris        3        0.732533       0.012230   0.592423  0.004162
cifar10    0.2     random        3        0.636933       0.009595   0.537370  0.003844
cifar10    0.2    entropy        3        0.621167       0.034750   0.518397  0.003650
cifar10    0.2       bald        3        0.619833       0.018833   0.503100  0.011018
cifar10    0.2    coreset        3             NaN            NaN        NaN       NaN
 fmnist    0.0     random        3        0.864167       0.003643   0.818380  0.002411
 fmnist    0.0    entropy        3        0.867933       0.006852   0.822770  0.004082
 fmnist    0.0       bald        3        0.878733       0.005055   0.825850  0.007628
 fmnist    0.0    coreset        3        0.834700       0.000990   0.809653  0.007248
 fmnist    0.0       iris        3        0.875067       0.004297   0.826477  0.009391
 fmnist    0.0 iris-nodiv        3        0.863767       0.009882   0.810563  0.010554
 fmnist    0.2     random        3        0.842400       0.003034   0.796797  0.002498
 fmnist    0.2    entropy        3        0.846933       0.004701   0.794210  0.007607
 fmnist    0.2       bald        3        0.821067       0.000694   0.775230  0.000601
 fmnist    0.2    coreset        3        0.815600       0.008747   0.783157  0.004850
 fmnist    0.2       iris        3        0.848733       0.005432   0.800497  0.003624
 fmnist    0.2 iris-norel        3        0.845633       0.007410   0.797500  0.000878
wrote /home/user1/greenresearch/samim/HITL/latex/numbers.tex (97 macros)
Mon Aug 24 10:47:01 AM +06 2026 assembled
/home/user1/greenresearch/samim/HITL/code/make_plots.py:63: Pandas4Warning: Starting with pandas version 4.0 all arguments of mean will be keyword-only.
  mean, std = piv.mean(1), piv.std(1).fillna(0)
/home/user1/greenresearch/samim/HITL/code/make_plots.py:63: Pandas4Warning: Starting with pandas version 4.0 all arguments of std will be keyword-only.
  mean, std = piv.mean(1), piv.std(1).fillna(0)
/home/user1/greenresearch/samim/HITL/code/make_plots.py:63: Pandas4Warning: Starting with pandas version 4.0 all arguments of mean will be keyword-only.
  mean, std = piv.mean(1), piv.std(1).fillna(0)
/home/user1/greenresearch/samim/HITL/code/make_plots.py:63: Pandas4Warning: Starting with pandas version 4.0 all arguments of std will be keyword-only.
  mean, std = piv.mean(1), piv.std(1).fillna(0)
/home/user1/greenresearch/samim/HITL/code/make_plots.py:63: Pandas4Warning: Starting with pandas version 4.0 all arguments of mean will be keyword-only.
  mean, std = piv.mean(1), piv.std(1).fillna(0)
/home/user1/greenresearch/samim/HITL/code/make_plots.py:63: Pandas4Warning: Starting with pandas version 4.0 all arguments of std will be keyword-only.
  mean, std = piv.mean(1), piv.std(1).fillna(0)
/home/user1/greenresearch/samim/HITL/code/make_plots.py:63: Pandas4Warning: Starting with pandas version 4.0 all arguments of mean will be keyword-only.
  mean, std = piv.mean(1), piv.std(1).fillna(0)
/home/user1/greenresearch/samim/HITL/code/make_plots.py:63: Pandas4Warning: Starting with pandas version 4.0 all arguments of std will be keyword-only.
  mean, std = piv.mean(1), piv.std(1).fillna(0)
/home/user1/greenresearch/samim/HITL/code/make_plots.py:63: Pandas4Warning: Starting with pandas version 4.0 all arguments of mean will be keyword-only.
  mean, std = piv.mean(1), piv.std(1).fillna(0)
/home/user1/greenresearch/samim/HITL/code/make_plots.py:63: Pandas4Warning: Starting with pandas version 4.0 all arguments of std will be keyword-only.
  mean, std = piv.mean(1), piv.std(1).fillna(0)
/home/user1/greenresearch/samim/HITL/code/make_plots.py:63: Pandas4Warning: Starting with pandas version 4.0 all arguments of mean will be keyword-only.
  mean, std = piv.mean(1), piv.std(1).fillna(0)
/home/user1/greenresearch/samim/HITL/code/make_plots.py:63: Pandas4Warning: Starting with pandas version 4.0 all arguments of std will be keyword-only.
  mean, std = piv.mean(1), piv.std(1).fillna(0)
/home/user1/greenresearch/samim/HITL/code/make_plots.py:63: Pandas4Warning: Starting with pandas version 4.0 all arguments of mean will be keyword-only.
  mean, std = piv.mean(1), piv.std(1).fillna(0)
/home/user1/greenresearch/samim/HITL/code/make_plots.py:63: Pandas4Warning: Starting with pandas version 4.0 all arguments of std will be keyword-only.
  mean, std = piv.mean(1), piv.std(1).fillna(0)
/home/user1/greenresearch/samim/HITL/code/make_plots.py:63: Pandas4Warning: Starting with pandas version 4.0 all arguments of mean will be keyword-only.
  mean, std = piv.mean(1), piv.std(1).fillna(0)
/home/user1/greenresearch/samim/HITL/code/make_plots.py:63: Pandas4Warning: Starting with pandas version 4.0 all arguments of std will be keyword-only.
  mean, std = piv.mean(1), piv.std(1).fillna(0)
/home/user1/greenresearch/samim/HITL/code/make_plots.py:63: Pandas4Warning: Starting with pandas version 4.0 all arguments of mean will be keyword-only.
  mean, std = piv.mean(1), piv.std(1).fillna(0)
/home/user1/greenresearch/samim/HITL/code/make_plots.py:63: Pandas4Warning: Starting with pandas version 4.0 all arguments of std will be keyword-only.
  mean, std = piv.mean(1), piv.std(1).fillna(0)
/home/user1/greenresearch/samim/HITL/code/make_plots.py:63: Pandas4Warning: Starting with pandas version 4.0 all arguments of mean will be keyword-only.
  mean, std = piv.mean(1), piv.std(1).fillna(0)
/home/user1/greenresearch/samim/HITL/code/make_plots.py:63: Pandas4Warning: Starting with pandas version 4.0 all arguments of std will be keyword-only.
  mean, std = piv.mean(1), piv.std(1).fillna(0)
/home/user1/greenresearch/samim/HITL/code/make_plots.py:63: Pandas4Warning: Starting with pandas version 4.0 all arguments of mean will be keyword-only.
  mean, std = piv.mean(1), piv.std(1).fillna(0)
/home/user1/greenresearch/samim/HITL/code/make_plots.py:63: Pandas4Warning: Starting with pandas version 4.0 all arguments of std will be keyword-only.
  mean, std = piv.mean(1), piv.std(1).fillna(0)
/home/user1/greenresearch/samim/HITL/code/make_plots.py:63: Pandas4Warning: Starting with pandas version 4.0 all arguments of mean will be keyword-only.
  mean, std = piv.mean(1), piv.std(1).fillna(0)
/home/user1/greenresearch/samim/HITL/code/make_plots.py:63: Pandas4Warning: Starting with pandas version 4.0 all arguments of std will be keyword-only.
  mean, std = piv.mean(1), piv.std(1).fillna(0)
/home/user1/greenresearch/samim/HITL/code/make_plots.py:63: Pandas4Warning: Starting with pandas version 4.0 all arguments of mean will be keyword-only.
  mean, std = piv.mean(1), piv.std(1).fillna(0)
/home/user1/greenresearch/samim/HITL/code/make_plots.py:63: Pandas4Warning: Starting with pandas version 4.0 all arguments of std will be keyword-only.
  mean, std = piv.mean(1), piv.std(1).fillna(0)
/home/user1/greenresearch/samim/HITL/code/make_plots.py:63: Pandas4Warning: Starting with pandas version 4.0 all arguments of mean will be keyword-only.
  mean, std = piv.mean(1), piv.std(1).fillna(0)
/home/user1/greenresearch/samim/HITL/code/make_plots.py:63: Pandas4Warning: Starting with pandas version 4.0 all arguments of std will be keyword-only.
  mean, std = piv.mean(1), piv.std(1).fillna(0)
/home/user1/greenresearch/samim/HITL/code/make_plots.py:63: Pandas4Warning: Starting with pandas version 4.0 all arguments of mean will be keyword-only.
  mean, std = piv.mean(1), piv.std(1).fillna(0)
/home/user1/greenresearch/samim/HITL/code/make_plots.py:63: Pandas4Warning: Starting with pandas version 4.0 all arguments of std will be keyword-only.
  mean, std = piv.mean(1), piv.std(1).fillna(0)
/home/user1/greenresearch/samim/HITL/code/make_plots.py:63: Pandas4Warning: Starting with pandas version 4.0 all arguments of mean will be keyword-only.
  mean, std = piv.mean(1), piv.std(1).fillna(0)
/home/user1/greenresearch/samim/HITL/code/make_plots.py:63: Pandas4Warning: Starting with pandas version 4.0 all arguments of std will be keyword-only.
  mean, std = piv.mean(1), piv.std(1).fillna(0)
/home/user1/greenresearch/samim/HITL/code/make_plots.py:63: Pandas4Warning: Starting with pandas version 4.0 all arguments of mean will be keyword-only.
  mean, std = piv.mean(1), piv.std(1).fillna(0)
/home/user1/greenresearch/samim/HITL/code/make_plots.py:63: Pandas4Warning: Starting with pandas version 4.0 all arguments of std will be keyword-only.
  mean, std = piv.mean(1), piv.std(1).fillna(0)
/home/user1/greenresearch/samim/HITL/code/make_plots.py:63: Pandas4Warning: Starting with pandas version 4.0 all arguments of mean will be keyword-only.
  mean, std = piv.mean(1), piv.std(1).fillna(0)
/home/user1/greenresearch/samim/HITL/code/make_plots.py:63: Pandas4Warning: Starting with pandas version 4.0 all arguments of std will be keyword-only.
  mean, std = piv.mean(1), piv.std(1).fillna(0)
/home/user1/greenresearch/samim/HITL/code/make_plots.py:63: Pandas4Warning: Starting with pandas version 4.0 all arguments of mean will be keyword-only.
  mean, std = piv.mean(1), piv.std(1).fillna(0)
/home/user1/greenresearch/samim/HITL/code/make_plots.py:63: Pandas4Warning: Starting with pandas version 4.0 all arguments of std will be keyword-only.
  mean, std = piv.mean(1), piv.std(1).fillna(0)
/home/user1/greenresearch/samim/HITL/code/make_plots.py:63: Pandas4Warning: Starting with pandas version 4.0 all arguments of mean will be keyword-only.
  mean, std = piv.mean(1), piv.std(1).fillna(0)
/home/user1/greenresearch/samim/HITL/code/make_plots.py:63: Pandas4Warning: Starting with pandas version 4.0 all arguments of std will be keyword-only.
  mean, std = piv.mean(1), piv.std(1).fillna(0)
/home/user1/greenresearch/samim/HITL/code/make_plots.py:63: Pandas4Warning: Starting with pandas version 4.0 all arguments of mean will be keyword-only.
  mean, std = piv.mean(1), piv.std(1).fillna(0)
/home/user1/greenresearch/samim/HITL/code/make_plots.py:63: Pandas4Warning: Starting with pandas version 4.0 all arguments of std will be keyword-only.
  mean, std = piv.mean(1), piv.std(1).fillna(0)
/home/user1/greenresearch/samim/HITL/code/make_plots.py:63: Pandas4Warning: Starting with pandas version 4.0 all arguments of mean will be keyword-only.
  mean, std = piv.mean(1), piv.std(1).fillna(0)
/home/user1/greenresearch/samim/HITL/code/make_plots.py:63: Pandas4Warning: Starting with pandas version 4.0 all arguments of std will be keyword-only.
  mean, std = piv.mean(1), piv.std(1).fillna(0)
/home/user1/greenresearch/samim/HITL/code/make_plots.py:142: Pandas4Warning: Starting with pandas version 4.0 all arguments of mean will be keyword-only.
  ax.plot(piv_i.index, piv_i.mean(1), "o-", color="#d32f2f",
/home/user1/greenresearch/samim/HITL/code/make_plots.py:144: Pandas4Warning: Starting with pandas version 4.0 all arguments of mean will be keyword-only.
  ax.plot(piv_e.index, piv_e.mean(1), "s--", color="#1976d2",
/home/user1/greenresearch/samim/HITL/code/make_plots.py:142: Pandas4Warning: Starting with pandas version 4.0 all arguments of mean will be keyword-only.
  ax.plot(piv_i.index, piv_i.mean(1), "o-", color="#d32f2f",
/home/user1/greenresearch/samim/HITL/code/make_plots.py:144: Pandas4Warning: Starting with pandas version 4.0 all arguments of mean will be keyword-only.
  ax.plot(piv_e.index, piv_e.mean(1), "s--", color="#1976d2",
wrote /home/user1/greenresearch/samim/HITL/results/curves_cifar10_noise0.0.png
wrote /home/user1/greenresearch/samim/HITL/results/curves_cifar10_noise0.2.png
wrote /home/user1/greenresearch/samim/HITL/results/curves_fmnist_noise0.0.png
wrote /home/user1/greenresearch/samim/HITL/results/curves_fmnist_noise0.2.png
wrote summary tables
wrote /home/user1/greenresearch/samim/HITL/results/diagnostics_auroc.png
dataset  noise     method  n_seeds  final_acc_mean  final_acc_std  aubc_mean  aubc_std
cifar10    0.0     random        3        0.741600       0.005745   0.620830  0.008789
cifar10    0.0    entropy        3        0.732367       0.017948   0.600317  0.009491
cifar10    0.0       bald        3        0.740700       0.001061   0.611367  0.001853
cifar10    0.0    coreset        3        0.713867       0.004705   0.601010  0.003772
cifar10    0.0       iris        3        0.732533       0.012230   0.592423  0.004162
cifar10    0.2     random        3        0.636933       0.009595   0.537370  0.003844
cifar10    0.2    entropy        3        0.621167       0.034750   0.518397  0.003650
cifar10    0.2       bald        3        0.619833       0.018833   0.503100  0.011018
cifar10    0.2    coreset        3        0.601467       0.008892   0.503083  0.003916
cifar10    0.2       iris        3        0.582767       0.012443   0.514460  0.007403
 fmnist    0.0     random        3        0.864167       0.003643   0.818380  0.002411
 fmnist    0.0    entropy        3        0.867933       0.006852   0.822770  0.004082
 fmnist    0.0       bald        3        0.878733       0.005055   0.825850  0.007628
 fmnist    0.0    coreset        3        0.834700       0.000990   0.809653  0.007248
 fmnist    0.0       iris        3        0.875067       0.004297   0.826477  0.009391
 fmnist    0.0 iris-nodiv        3        0.863767       0.009882   0.810563  0.010554
 fmnist    0.2     random        3        0.842400       0.003034   0.796797  0.002498
 fmnist    0.2    entropy        3        0.846933       0.004701   0.794210  0.007607
 fmnist    0.2       bald        3        0.821067       0.000694   0.775230  0.000601
 fmnist    0.2    coreset        3        0.815600       0.008747   0.783157  0.004850
 fmnist    0.2       iris        3        0.848733       0.005432   0.800497  0.003624
 fmnist    0.2 iris-norel        3        0.845633       0.007410   0.797500  0.000878
wrote /home/user1/greenresearch/samim/HITL/latex/numbers.tex (104 macros)
Mon Aug 24 11:17:03 AM +06 2026 assembled
/home/user1/greenresearch/samim/HITL/code/make_plots.py:63: Pandas4Warning: Starting with pandas version 4.0 all arguments of mean will be keyword-only.
  mean, std = piv.mean(1), piv.std(1).fillna(0)
/home/user1/greenresearch/samim/HITL/code/make_plots.py:63: Pandas4Warning: Starting with pandas version 4.0 all arguments of std will be keyword-only.
  mean, std = piv.mean(1), piv.std(1).fillna(0)
/home/user1/greenresearch/samim/HITL/code/make_plots.py:63: Pandas4Warning: Starting with pandas version 4.0 all arguments of mean will be keyword-only.
  mean, std = piv.mean(1), piv.std(1).fillna(0)
/home/user1/greenresearch/samim/HITL/code/make_plots.py:63: Pandas4Warning: Starting with pandas version 4.0 all arguments of std will be keyword-only.
  mean, std = piv.mean(1), piv.std(1).fillna(0)
/home/user1/greenresearch/samim/HITL/code/make_plots.py:63: Pandas4Warning: Starting with pandas version 4.0 all arguments of mean will be keyword-only.
  mean, std = piv.mean(1), piv.std(1).fillna(0)
/home/user1/greenresearch/samim/HITL/code/make_plots.py:63: Pandas4Warning: Starting with pandas version 4.0 all arguments of std will be keyword-only.
  mean, std = piv.mean(1), piv.std(1).fillna(0)
/home/user1/greenresearch/samim/HITL/code/make_plots.py:63: Pandas4Warning: Starting with pandas version 4.0 all arguments of mean will be keyword-only.
  mean, std = piv.mean(1), piv.std(1).fillna(0)
/home/user1/greenresearch/samim/HITL/code/make_plots.py:63: Pandas4Warning: Starting with pandas version 4.0 all arguments of std will be keyword-only.
  mean, std = piv.mean(1), piv.std(1).fillna(0)
/home/user1/greenresearch/samim/HITL/code/make_plots.py:63: Pandas4Warning: Starting with pandas version 4.0 all arguments of mean will be keyword-only.
  mean, std = piv.mean(1), piv.std(1).fillna(0)
/home/user1/greenresearch/samim/HITL/code/make_plots.py:63: Pandas4Warning: Starting with pandas version 4.0 all arguments of std will be keyword-only.
  mean, std = piv.mean(1), piv.std(1).fillna(0)
/home/user1/greenresearch/samim/HITL/code/make_plots.py:63: Pandas4Warning: Starting with pandas version 4.0 all arguments of mean will be keyword-only.
  mean, std = piv.mean(1), piv.std(1).fillna(0)
/home/user1/greenresearch/samim/HITL/code/make_plots.py:63: Pandas4Warning: Starting with pandas version 4.0 all arguments of std will be keyword-only.
  mean, std = piv.mean(1), piv.std(1).fillna(0)
/home/user1/greenresearch/samim/HITL/code/make_plots.py:63: Pandas4Warning: Starting with pandas version 4.0 all arguments of mean will be keyword-only.
  mean, std = piv.mean(1), piv.std(1).fillna(0)
/home/user1/greenresearch/samim/HITL/code/make_plots.py:63: Pandas4Warning: Starting with pandas version 4.0 all arguments of std will be keyword-only.
  mean, std = piv.mean(1), piv.std(1).fillna(0)
/home/user1/greenresearch/samim/HITL/code/make_plots.py:63: Pandas4Warning: Starting with pandas version 4.0 all arguments of mean will be keyword-only.
  mean, std = piv.mean(1), piv.std(1).fillna(0)
/home/user1/greenresearch/samim/HITL/code/make_plots.py:63: Pandas4Warning: Starting with pandas version 4.0 all arguments of std will be keyword-only.
  mean, std = piv.mean(1), piv.std(1).fillna(0)
/home/user1/greenresearch/samim/HITL/code/make_plots.py:63: Pandas4Warning: Starting with pandas version 4.0 all arguments of mean will be keyword-only.
  mean, std = piv.mean(1), piv.std(1).fillna(0)
/home/user1/greenresearch/samim/HITL/code/make_plots.py:63: Pandas4Warning: Starting with pandas version 4.0 all arguments of std will be keyword-only.
  mean, std = piv.mean(1), piv.std(1).fillna(0)
/home/user1/greenresearch/samim/HITL/code/make_plots.py:63: Pandas4Warning: Starting with pandas version 4.0 all arguments of mean will be keyword-only.
  mean, std = piv.mean(1), piv.std(1).fillna(0)
/home/user1/greenresearch/samim/HITL/code/make_plots.py:63: Pandas4Warning: Starting with pandas version 4.0 all arguments of std will be keyword-only.
  mean, std = piv.mean(1), piv.std(1).fillna(0)
/home/user1/greenresearch/samim/HITL/code/make_plots.py:63: Pandas4Warning: Starting with pandas version 4.0 all arguments of mean will be keyword-only.
  mean, std = piv.mean(1), piv.std(1).fillna(0)
/home/user1/greenresearch/samim/HITL/code/make_plots.py:63: Pandas4Warning: Starting with pandas version 4.0 all arguments of std will be keyword-only.
  mean, std = piv.mean(1), piv.std(1).fillna(0)
/home/user1/greenresearch/samim/HITL/code/make_plots.py:63: Pandas4Warning: Starting with pandas version 4.0 all arguments of mean will be keyword-only.
  mean, std = piv.mean(1), piv.std(1).fillna(0)
/home/user1/greenresearch/samim/HITL/code/make_plots.py:63: Pandas4Warning: Starting with pandas version 4.0 all arguments of std will be keyword-only.
  mean, std = piv.mean(1), piv.std(1).fillna(0)
/home/user1/greenresearch/samim/HITL/code/make_plots.py:63: Pandas4Warning: Starting with pandas version 4.0 all arguments of mean will be keyword-only.
  mean, std = piv.mean(1), piv.std(1).fillna(0)
/home/user1/greenresearch/samim/HITL/code/make_plots.py:63: Pandas4Warning: Starting with pandas version 4.0 all arguments of std will be keyword-only.
  mean, std = piv.mean(1), piv.std(1).fillna(0)
/home/user1/greenresearch/samim/HITL/code/make_plots.py:63: Pandas4Warning: Starting with pandas version 4.0 all arguments of mean will be keyword-only.
  mean, std = piv.mean(1), piv.std(1).fillna(0)
/home/user1/greenresearch/samim/HITL/code/make_plots.py:63: Pandas4Warning: Starting with pandas version 4.0 all arguments of std will be keyword-only.
  mean, std = piv.mean(1), piv.std(1).fillna(0)
/home/user1/greenresearch/samim/HITL/code/make_plots.py:63: Pandas4Warning: Starting with pandas version 4.0 all arguments of mean will be keyword-only.
  mean, std = piv.mean(1), piv.std(1).fillna(0)
/home/user1/greenresearch/samim/HITL/code/make_plots.py:63: Pandas4Warning: Starting with pandas version 4.0 all arguments of std will be keyword-only.
  mean, std = piv.mean(1), piv.std(1).fillna(0)
/home/user1/greenresearch/samim/HITL/code/make_plots.py:63: Pandas4Warning: Starting with pandas version 4.0 all arguments of mean will be keyword-only.
  mean, std = piv.mean(1), piv.std(1).fillna(0)
/home/user1/greenresearch/samim/HITL/code/make_plots.py:63: Pandas4Warning: Starting with pandas version 4.0 all arguments of std will be keyword-only.
  mean, std = piv.mean(1), piv.std(1).fillna(0)
/home/user1/greenresearch/samim/HITL/code/make_plots.py:63: Pandas4Warning: Starting with pandas version 4.0 all arguments of mean will be keyword-only.
  mean, std = piv.mean(1), piv.std(1).fillna(0)
/home/user1/greenresearch/samim/HITL/code/make_plots.py:63: Pandas4Warning: Starting with pandas version 4.0 all arguments of std will be keyword-only.
  mean, std = piv.mean(1), piv.std(1).fillna(0)
/home/user1/greenresearch/samim/HITL/code/make_plots.py:63: Pandas4Warning: Starting with pandas version 4.0 all arguments of mean will be keyword-only.
  mean, std = piv.mean(1), piv.std(1).fillna(0)
/home/user1/greenresearch/samim/HITL/code/make_plots.py:63: Pandas4Warning: Starting with pandas version 4.0 all arguments of std will be keyword-only.
  mean, std = piv.mean(1), piv.std(1).fillna(0)
/home/user1/greenresearch/samim/HITL/code/make_plots.py:63: Pandas4Warning: Starting with pandas version 4.0 all arguments of mean will be keyword-only.
  mean, std = piv.mean(1), piv.std(1).fillna(0)
/home/user1/greenresearch/samim/HITL/code/make_plots.py:63: Pandas4Warning: Starting with pandas version 4.0 all arguments of std will be keyword-only.
  mean, std = piv.mean(1), piv.std(1).fillna(0)
/home/user1/greenresearch/samim/HITL/code/make_plots.py:63: Pandas4Warning: Starting with pandas version 4.0 all arguments of mean will be keyword-only.
  mean, std = piv.mean(1), piv.std(1).fillna(0)
/home/user1/greenresearch/samim/HITL/code/make_plots.py:63: Pandas4Warning: Starting with pandas version 4.0 all arguments of std will be keyword-only.
  mean, std = piv.mean(1), piv.std(1).fillna(0)
/home/user1/greenresearch/samim/HITL/code/make_plots.py:63: Pandas4Warning: Starting with pandas version 4.0 all arguments of mean will be keyword-only.
  mean, std = piv.mean(1), piv.std(1).fillna(0)
/home/user1/greenresearch/samim/HITL/code/make_plots.py:63: Pandas4Warning: Starting with pandas version 4.0 all arguments of std will be keyword-only.
  mean, std = piv.mean(1), piv.std(1).fillna(0)
/home/user1/greenresearch/samim/HITL/code/make_plots.py:63: Pandas4Warning: Starting with pandas version 4.0 all arguments of mean will be keyword-only.
  mean, std = piv.mean(1), piv.std(1).fillna(0)
/home/user1/greenresearch/samim/HITL/code/make_plots.py:63: Pandas4Warning: Starting with pandas version 4.0 all arguments of std will be keyword-only.
  mean, std = piv.mean(1), piv.std(1).fillna(0)
/home/user1/greenresearch/samim/HITL/code/make_plots.py:142: Pandas4Warning: Starting with pandas version 4.0 all arguments of mean will be keyword-only.
  ax.plot(piv_i.index, piv_i.mean(1), "o-", color="#d32f2f",
/home/user1/greenresearch/samim/HITL/code/make_plots.py:144: Pandas4Warning: Starting with pandas version 4.0 all arguments of mean will be keyword-only.
  ax.plot(piv_e.index, piv_e.mean(1), "s--", color="#1976d2",
/home/user1/greenresearch/samim/HITL/code/make_plots.py:142: Pandas4Warning: Starting with pandas version 4.0 all arguments of mean will be keyword-only.
  ax.plot(piv_i.index, piv_i.mean(1), "o-", color="#d32f2f",
/home/user1/greenresearch/samim/HITL/code/make_plots.py:144: Pandas4Warning: Starting with pandas version 4.0 all arguments of mean will be keyword-only.
  ax.plot(piv_e.index, piv_e.mean(1), "s--", color="#1976d2",
wrote /home/user1/greenresearch/samim/HITL/results/curves_cifar10_noise0.0.png
wrote /home/user1/greenresearch/samim/HITL/results/curves_cifar10_noise0.2.png
wrote /home/user1/greenresearch/samim/HITL/results/curves_fmnist_noise0.0.png
wrote /home/user1/greenresearch/samim/HITL/results/curves_fmnist_noise0.2.png
wrote summary tables
wrote /home/user1/greenresearch/samim/HITL/results/diagnostics_auroc.png
dataset  noise     method  n_seeds  final_acc_mean  final_acc_std  aubc_mean  aubc_std
cifar10    0.0     random        3        0.741600       0.005745   0.620830  0.008789
cifar10    0.0    entropy        3        0.732367       0.017948   0.600317  0.009491
cifar10    0.0       bald        3        0.740700       0.001061   0.611367  0.001853
cifar10    0.0    coreset        3        0.713867       0.004705   0.601010  0.003772
cifar10    0.0       iris        3        0.732533       0.012230   0.592423  0.004162
cifar10    0.2     random        3        0.636933       0.009595   0.537370  0.003844
cifar10    0.2    entropy        3        0.621167       0.034750   0.518397  0.003650
cifar10    0.2       bald        3        0.619833       0.018833   0.503100  0.011018
cifar10    0.2    coreset        3        0.601467       0.008892   0.503083  0.003916
cifar10    0.2       iris        3        0.582767       0.012443   0.514460  0.007403
 fmnist    0.0     random        3        0.864167       0.003643   0.818380  0.002411
 fmnist    0.0    entropy        3        0.867933       0.006852   0.822770  0.004082
 fmnist    0.0       bald        3        0.878733       0.005055   0.825850  0.007628
 fmnist    0.0    coreset        3        0.834700       0.000990   0.809653  0.007248
 fmnist    0.0       iris        3        0.875067       0.004297   0.826477  0.009391
 fmnist    0.0 iris-nodiv        3        0.863767       0.009882   0.810563  0.010554
 fmnist    0.2     random        3        0.842400       0.003034   0.796797  0.002498
 fmnist    0.2    entropy        3        0.846933       0.004701   0.794210  0.007607
 fmnist    0.2       bald        3        0.821067       0.000694   0.775230  0.000601
 fmnist    0.2    coreset        3        0.815600       0.008747   0.783157  0.004850
 fmnist    0.2       iris        3        0.848733       0.005432   0.800497  0.003624
 fmnist    0.2 iris-norel        3        0.845633       0.007410   0.797500  0.000878
wrote /home/user1/greenresearch/samim/HITL/latex/numbers.tex (104 macros)
Mon Aug 24 11:17:05 AM +06 2026 assembled
Mon Aug 24 11:17:05 AM +06 2026 FINAL assembly done (66/66 runs)
